feature,correlation,abs_correlation,p_value
X752,0.09056130214388526,0.09056130214388526,0.0
X21,0.06940129672614827,0.06940129672614827,0.0
X20,0.06766744946931327,0.06766744946931327,0.0
X28,0.06409245413469868,0.06409245413469868,0.0
X759,0.06405742798066746,0.06405742798066746,0.0
X29,0.06233883508715485,0.06233883508715485,0.0
X19,0.062293159787688776,0.062293159787688776,0.0
X27,0.0622513261343027,0.0622513261343027,0.0
X22,0.057675789364430054,0.057675789364430054,0.0
X754,0.057320340020755846,0.057320340020755846,0.0
X219,0.05675686406277547,0.05675686406277547,0.0
X756,0.05625887072893206,0.05625887072893206,0.0
X287,0.055892829396365154,0.055892829396365154,0.0
X289,0.055891942230805666,0.055891942230805666,0.0
X291,0.05543506402161665,0.05543506402161665,0.0
X293,0.05529115582002785,0.05529115582002785,0.0
X753,0.05468603830399555,0.05468603830399555,0.0
X295,0.05463726755864717,0.05463726755864717,0.0
X614,0.0545277485981537,0.0545277485981537,0.0
X218,0.05373939510917828,0.05373939510917828,0.0
X751,0.05353178343797759,0.05353178343797759,0.0
X297,0.053283216304453596,0.053283216304453596,0.0
X298,0.0531038788333564,0.0531038788333564,0.0
X285,0.05286540982275241,0.05286540982275241,5.34e-322
X300,0.05263153374162866,0.05263153374162866,3.5807e-319
X299,0.05236611189199949,0.05236611189199949,5.58985417e-316
X302,0.051736335815997875,0.051736335815997875,1.8184604918967606e-308
X26,0.05169699496504359,0.05169699496504359,5.320520216491756e-308
X292,0.05150888142280241,0.05150888142280241,8.92216142786459e-306
X301,0.051464969585277284,0.051464969585277284,2.94152604870626e-305
X294,0.05130549404708693,0.05130549404708693,2.2204757200797587e-303
X296,0.050724621028358494,0.050724621028358494,1.3707015179278464e-296
X303,0.04988452561709295,0.04988452561709295,6.614826068303543e-287
X283,0.04983777670895889,0.04983777670895889,2.2626378048290283e-286
X30,0.04959426994847195,0.04959426994847195,1.3443247862112192e-283
X465,0.04958289628726412,0.04958289628726412,1.8102275729000877e-283
X18,0.0495389094547151,0.0495389094547151,5.717908201782926e-283
X466,0.04925487735994856,0.04925487735994856,9.374079946506466e-280
X181,0.04916402396955222,0.04916402396955222,9.91511217916618e-279
X288,0.04889130076199276,0.04889130076199276,1.1477477022393191e-275
X290,0.04887927080358397,0.04887927080358397,1.5652633570715188e-275
X286,0.0486613928406743,0.0486613928406743,4.257578301026304e-273
X281,0.0478650263486494,0.0478650263486494,2.7225304390249154e-264
X217,0.04617832541316967,0.04617832541316967,4.022679207435276e-246
X175,0.04581510766088519,0.04581510766088519,2.7019389037484955e-242
X757,0.045514868765420026,0.045514868765420026,3.735668950450073e-239
X226,0.04516479453226493,0.04516479453226493,1.615234548250203e-235
X225,0.04502460875124929,0.04502460875124929,4.532253917629327e-234
X23,0.04495869884257705,0.04495869884257705,2.165635393446971e-233
X508,0.04452500129708516,0.04452500129708516,6.0315087659275914e-229
X137,-0.04429003016126687,0.04429003016126687,1.4809651945676477e-226
X284,0.043762916802397016,0.043762916802397016,3.0635676021307113e-221
X95,-0.04294828230956147,0.04294828230956147,3.767129142589008e-213
X198,0.04287205136506096,0.04287205136506096,2.1146391925237634e-212
X272,0.04253565236667948,0.04253565236667948,4.1263620702409113e-209
X472,0.04245433532475567,0.04245433532475567,2.552914539872799e-208
X277,0.042089993014460744,0.042089993014460744,8.602069971342009e-205
X224,0.041703718974002296,0.041703718974002296,4.377860746708402e-201
X656,-0.04168189411002863,0.04168189411002863,7.074088339732e-201
X652,-0.041440337752609926,0.041440337752609926,1.4093836335582662e-198
X282,0.04129416368881933,0.04129416368881933,3.4194152955879326e-197
X31,0.04083379623378066,0.04083379623378066,7.305975436332366e-193
X758,0.04082790015534466,0.04082790015534466,8.294978771698558e-193
X131,-0.04058228480274701,0.04058228480274701,1.6165950701447787e-190
X89,-0.04052010181336136,0.04052010181336136,6.111073074960633e-190
X278,0.04043902442254532,0.04043902442254532,3.4497015938865744e-189
X464,0.040402300442652944,0.040402300442652944,7.546605626260264e-189
X197,0.040240991867475366,0.040240991867475366,2.330209548971737e-187
X473,0.040191307503056245,0.040191307503056245,6.683682146328343e-187
X279,0.039902853750029624,0.039902853750029624,2.9556793005956625e-184
X269,0.03962104104010661,0.03962104104010661,1.088855791532986e-181
X280,0.03952696963041838,0.03952696963041838,7.754872572618957e-181
X444,0.039462639521609284,0.039462639521609284,2.961111432323223e-180
X629,0.03937014670375959,0.03937014670375959,2.024932939509629e-179
X270,0.03875199262364302,0.03875199262364302,6.859750118389329e-174
X271,0.03848883172781289,0.03848883172781289,1.4585700786907839e-171
X169,0.03847600317278803,0.03847600317278803,1.8922928833505856e-171
X445,0.03847578622040363,0.03847578622040363,1.9006409581752813e-171
X744,0.038230765245157866,0.038230765245157866,2.6982220237245264e-169
X373,0.03813563500589043,0.03813563500589043,1.832151416525379e-168
X385,0.038094641149287276,0.038094641149287276,4.1763837902946747e-168
X379,0.03794459045376219,0.03794459045376219,8.45907365566416e-167
X762,0.03778977462505775,0.03778977462505775,1.86178779923505e-165
X750,0.03774352916803443,0.03774352916803443,4.676480327190296e-165
X367,0.037703715310000795,0.037703715310000795,1.0324928441523586e-164
X186,0.03733814892778906,0.03733814892778906,1.42951902181539e-161
X432,0.03733761760609304,0.03733761760609304,1.4445523875431027e-161
X361,0.03718048875204466,0.03718048875204466,3.1660143657360156e-160
X471,0.03706503725747828,0.03706503725747828,3.034282986281018e-159
X435,0.036941364244713386,0.036941364244713386,3.389303143062491e-158
X205,0.036817515254197374,0.036817515254197374,3.7683033859908475e-157
X331,0.0363160087269332,0.0363160087269332,5.970207425765787e-153
X507,0.03602554154711496,0.03602554154711496,1.5210969711760767e-150
X355,0.03586720007989922,0.03586720007989922,3.0597663876751383e-149
X83,-0.03572961748025534,0.03572961748025534,4.108314767031861e-148
X712,-0.035614537744959436,0.035614537744959436,3.579484496340232e-147
X204,0.03554033947818018,0.03554033947818018,1.4400714303913983e-146
X451,0.035325503463009604,0.035325503463009604,7.975343048705759e-145
X189,0.03496771933016369,0.03496771933016369,6.048836587823344e-142
X196,0.03455666391595994,0.03455666391595994,1.132990139693801e-138
X648,-0.03451830474845898,0.03451830474845898,2.278474000257496e-138
X627,0.034517566574785524,0.034517566574785524,2.3092963524632853e-138
X179,-0.0343972526047868,0.0343972526047868,2.055648449792646e-137
X325,0.03422788941000731,0.03422788941000731,4.404344024642182e-136
X452,0.03421140151396883,0.03421140151396883,5.9306181170020835e-136
X266,0.03411763481790773,0.03411763481790773,3.212064725128847e-135
X268,0.03388653307251249,0.03388653307251249,2.025196851174571e-133
X24,0.03380487584104441,0.03380487584104441,8.698481854672818e-133
X708,-0.03351011180084469,0.03351011180084469,1.6279866802434617e-130
X267,0.03315314252607518,0.03315314252607518,8.644883213296088e-128
X438,0.03314161198832117,0.03314161198832117,1.0575414825183272e-127
X44,0.03309291632408689,0.03309291632408689,2.4754426316106072e-127
X111,0.03308684180806966,0.03308684180806966,2.7522626265051735e-127
X77,-0.03303193585508201,0.03303193585508201,7.16841811819921e-127
X153,0.03298978762943928,0.03298978762943928,1.493106435021383e-126
X276,0.03297370243856676,0.03297370243856676,1.9751401967465993e-126
X46,0.03290949806141337,0.03290949806141337,6.02568941948421e-126
X238,0.03283975128701207,0.03283975128701207,2.0191254791967048e-125
X42,0.03278661505629097,0.03278661505629097,5.064125449201666e-125
X125,-0.03270888026827181,0.03270888026827181,1.9388788612268517e-124
X48,0.03270096223712152,0.03270096223712152,2.2226032544776692e-124
X40,0.03246281450927507,0.03246281450927507,1.330589139325095e-122
X671,0.03244390992141154,0.03244390992141154,1.8389254553593786e-122
X32,0.032325379784959696,0.032325379784959696,1.3923569002949383e-121
X50,0.032185805182246265,0.032185805182246265,1.4959362469442292e-120
X384,-0.03209755685865323,0.03209755685865323,6.677033749876174e-120
X245,0.03202690624293869,0.03202690624293869,2.2050520608436243e-119
X337,0.03201456772670765,0.03201456772670765,2.7158879208526045e-119
X319,0.03200070802845067,0.03200070802845067,3.4317841083242766e-119
X117,0.03181306072875456,0.03181306072875456,8.07003101486733e-118
X173,-0.031776390551444,0.031776390551444,1.4925401503636097e-117
X183,0.031735525560149414,0.031735525560149414,2.9591253197393286e-117
X443,0.031613678495241285,0.031613678495241285,2.2655242811461422e-116
X203,0.03151312803565386,0.03151312803565386,1.2081193836806966e-115
X147,0.03149554065060432,0.03149554065060432,1.6181633195138001e-115
X246,0.03141753019597819,0.03141753019597819,5.903394594241093e-115
X94,0.03130580895488495,0.03130580895488495,3.746713242660312e-114
X336,-0.031051579127747014,0.031051579127747014,2.450605995159692e-112
X133,0.0308383716642936,0.0308383716642936,7.953113508498667e-111
X265,0.030835444363370004,0.030835444363370004,8.340925652969686e-111
X313,0.03076481890885273,0.03076481890885273,2.6271528203576442e-110
X239,0.03062702230435594,0.03062702230435594,2.4455386941950152e-109
X139,0.030552103259068274,0.030552103259068274,8.190896539699016e-109
X105,0.030542955545773715,0.030542955545773715,9.491644768938628e-109
X71,-0.030534064174048414,0.030534064174048414,1.0953160760216244e-108
X274,0.030458786213128558,0.030458786213128558,3.676281326822575e-108
X163,0.03029886339272186,0.03029886339272186,4.767416555174366e-107
X431,0.030077328511292873,0.030077328511292873,1.6227359807613463e-105
X378,-0.02996771092040783,0.02996771092040783,9.207268205031185e-105
X342,-0.02985722450393995,0.02985722450393995,5.262719893139115e-104
X586,0.029837735091201998,0.029837735091201998,7.152649641844815e-104
X275,0.029810258513605994,0.029810258513605994,1.1020151275379203e-103
X273,0.029779785248987386,0.029779785248987386,1.7790158749649326e-103
X264,0.02966478065039441,0.02966478065039441,1.0794954557402126e-102
X159,0.029654557809530496,0.029654557809530496,1.2667170785391955e-102
X349,0.029479664314442173,0.029479664314442173,1.9377140317198463e-101
X43,0.0293598729802914,0.0293598729802914,1.2434893033415813e-100
X667,0.029310356279236102,0.029310356279236102,2.675529975227984e-100
X212,0.028937257192338212,0.028937257192338212,8.255442671398087e-98
X501,0.028855293396407838,0.028855293396407838,2.8796861823170485e-97
X211,0.028824218131708844,0.028824218131708844,4.6202329656636325e-97
X450,0.028652125458330603,0.028652125458330603,6.27640849105359e-96
X52,0.02861152849159105,0.02861152849159105,1.1588116818764914e-95
X127,0.028608300440750283,0.028608300440750283,1.2166665618252808e-95
X740,-0.02857803101741947,0.02857803101741947,1.9207060589217256e-95
X592,0.028520476035950863,0.028520476035950863,4.569992855350644e-95
X41,0.028453414186260934,0.028453414186260934,1.2519818612527149e-94
X47,0.02819092510992908,0.02819092510992908,6.32218188066902e-93
X45,0.028187891938514835,0.028187891938514835,6.613890474020317e-93
X54,0.028059706860190315,0.028059706860190315,4.430279918786142e-92
X121,0.028028781098550046,0.028028781098550046,7.000719758476324e-92
X49,0.028018808697671056,0.028018808697671056,8.112844482269103e-92
X38,0.027959189841645953,0.027959189841645953,1.956582375349903e-91
X612,0.027957887894151906,0.027957887894151906,1.9945192623477522e-91
X330,-0.02785755879680942,0.02785755879680942,8.737122205649901e-91
X343,0.027815675670620488,0.027815675670620488,1.6162175584059064e-90
X434,0.027773151730941713,0.027773151730941713,3.015147152545034e-90
X39,0.0277723179753829,0.0277723179753829,3.0522075249720847e-90
X748,-0.027714702098344,0.027714702098344,7.093559534841274e-90
X657,-0.02755791818150469,0.02755791818150469,6.976916650941304e-89
X233,0.027318303069592098,0.027318303069592098,2.239384007640799e-87
X704,-0.027311748389699603,0.027311748389699603,2.461238850114094e-87
X500,0.027309294468899115,0.027309294468899115,2.5498235126223145e-87
X727,0.0272998592515331,0.0272998592515331,2.9210691773550933e-87
X766,0.027225035636269573,0.027225035636269573,8.569555505320024e-87
X56,0.027084337616812375,0.027084337616812375,6.433163381519011e-86
X458,0.027052991382807118,0.027052991382807118,1.0065951654152452e-85
X625,0.02697127647918888,0.02697127647918888,3.2258975235520324e-85
X307,0.026854807745467023,0.026854807745467023,1.6862787959133612e-84
X187,0.026789733403974288,0.026789733403974288,4.235487065672099e-84
X157,0.026754576808747717,0.026754576808747717,6.959662964259129e-84
X426,-0.026630326515293904,0.026630326515293904,4.004976874855956e-83
X184,0.02655868643595643,0.02655868643595643,1.094472668664112e-82
X628,0.026503880981727925,0.026503880981727925,2.3573364836611544e-82
X88,0.026295042651778566,0.026295042651778566,4.323872574108837e-81
X115,0.026277622018801284,0.026277622018801284,5.505745931619504e-81
X210,0.026244092764408727,0.026244092764408727,8.762017356800274e-81
X190,0.026229361426787296,0.026229361426787296,1.074434812749477e-80
X232,0.026218414282254448,0.026218414282254448,1.2501741602080013e-80
X506,0.026162561374542564,0.026162561374542564,2.7052728079627928e-80
X459,0.026131121668898822,0.026131121668898822,4.174509043285078e-80
X670,0.026046360726523696,0.026046360726523696,1.3408789548189641e-79
X709,-0.025793921959930226,0.025793921959930226,4.236460779454713e-78
X237,0.02564644581740165,0.02564644581740165,3.135857465444986e-77
X167,-0.02557532923264743,0.02557532923264743,8.1998489778482e-77
X36,0.025447265168001654,0.025447265168001654,4.5985722523597e-76
X65,-0.025288666941767818,0.025288666941767818,3.8440844306157705e-75
X51,0.025232531237239234,0.025232531237239234,8.124918062619441e-75
X372,-0.024979065535952544,0.024979065535952544,2.335797184297262e-73
X53,0.024893735874016897,0.024893735874016897,7.180969772975745e-73
X123,0.024687283169187575,0.024687283169187575,1.0700512456278093e-71
X223,0.024562808679872792,0.024562808679872792,5.3959171143073115e-71
X433,0.024400823403126222,0.024400823403126222,4.377064716249374e-70
X765,0.02439820171265999,0.02439820171265999,4.5273867059937515e-70
X191,0.02437788405175005,0.02437788405175005,5.880886659007807e-70
X55,0.024265886849648317,0.024265886849648317,2.4769925807774137e-69
X247,0.024211315923079898,0.024211315923079898,4.979303186114941e-69
X499,0.024201945864473287,0.024201945864473287,5.612657008494333e-69
X675,0.024102296489908397,0.024102296489908397,1.9995963685863797e-68
X582,0.024053934879968396,0.024053934879968396,3.697530449146061e-68
X34,0.023985599491332332,0.023985599491332332,8.794935391059874e-68
X216,0.023984937442555906,0.023984937442555906,8.86897288750543e-68
X666,0.023832209609560152,0.023832209609560152,6.096325819359158e-67
X713,-0.023705425651350004,0.023705425651350004,2.9923220468384506e-66
X653,-0.0236721384054416,0.0236721384054416,4.53740799982182e-66
X79,0.02348904104830121,0.02348904104830121,4.433874289798806e-65
X479,0.0234428184826345,0.0234428184826345,7.86126382790856e-65
X244,0.023399004911745118,0.023399004911745118,1.3514178122598684e-64
X437,0.023280084425644727,0.023280084425644727,5.851086838914526e-64
X726,0.023270623494952535,0.023270623494952535,6.572517578898852e-64
X626,0.023214763751967255,0.023214763751967255,1.3045250753960735e-63
X436,0.02317984343707715,0.02317984343707715,2.0008246158876162e-63
X151,0.023104286960666676,0.023104286960666676,5.037045597838733e-63
X141,0.0230428373359527,0.0230428373359527,1.064927921665541e-62
X736,-0.02302656903730505,0.02302656903730505,1.2979425824022493e-62
X663,0.02297754470025429,0.02297754470025429,2.354266523225501e-62
X37,0.022956252325331158,0.022956252325331158,3.0479010229316964e-62
X73,0.02293059341088896,0.02293059341088896,4.1591731645402265e-62
X63,0.022774827107194664,0.022774827107194664,2.72496788767159e-61
X723,0.022748866445529106,0.022748866445529106,3.722894745545533e-61
X99,0.0226822728238942,0.0226822728238942,8.275784263719742e-61
X188,0.022602749591159634,0.022602749591159634,2.1417656892659325e-60
X731,0.02254811838591879,0.02254811838591879,4.1080498616232174e-60
X760,0.022374788663693072,0.022374788663693072,3.210567853633744e-59
X25,0.02232091510251359,0.02232091510251359,6.06357339985689e-59
X69,0.022313909296583233,0.022313909296583233,6.585528325832833e-59
X136,0.02230159016732169,0.02230159016732169,7.614191984360231e-59
X109,0.02221573519162682,0.02221573519162682,2.0890893894342335e-58
X231,0.022199568411803348,0.022199568411803348,2.525275209229474e-58
X324,-0.022153914457284096,0.022153914457284096,4.310653164593651e-58
X240,0.022125535055458372,0.022125535055458372,6.007104531216903e-58
X420,-0.022010929446713894,0.022010929446713894,2.2846097538992625e-57
X480,0.02193030786840002,0.02193030786840002,5.822837636532697e-57
X430,0.021897182345353046,0.021897182345353046,8.543856152034328e-57
X457,0.021759856806023194,0.021759856806023194,4.162090887921313e-56
X119,-0.021755432439378317,0.021755432439378317,4.3792035861398805e-56
X767,0.0215252469001032,0.0215252469001032,6.083887408412125e-55
X609,0.02152040605400786,0.02152040605400786,6.428129109881167e-55
X729,0.021082562119058623,0.021082562119058623,8.872019575055785e-53
X185,0.02048664890368986,0.02048664890368986,6.171202318063406e-50
X82,0.02046286816343594,0.02046286816343594,7.982149502727998e-50
X613,-0.02034959178091096,0.02034959178091096,2.7080654276094375e-49
X10,0.020332795631062512,0.020332795631062512,3.243968486095297e-49
X570,0.020318710741630493,0.020318710741630493,3.773864666193487e-49
X722,0.020315373755539982,0.020315373755539982,3.911538579675793e-49
X366,-0.0202837377435203,0.0202837377435203,5.492236425088735e-49
X236,0.02017406784288516,0.02017406784288516,1.7740673327308782e-48
X67,0.02006822513203807,0.02006822513203807,5.467947636649457e-48
X755,0.020065936385711077,0.020065936385711077,5.602310576556815e-48
X318,-0.019755258266406502,0.019755258266406502,1.473680806686762e-46
X165,0.019699602056468028,0.019699602056468028,2.633144595167687e-46
X478,0.01966793906341287,0.01966793906341287,3.660701059992922e-46
X85,0.01958633775573603,0.01958633775573603,8.536513517456437e-46
X498,0.019579529911685496,0.019579529911685496,9.159883094552855e-46
X35,0.01935434424338638,0.01935434424338638,9.298763287824018e-45
X17,0.019308961535839938,0.019308961535839938,1.4786996427647392e-44
X11,0.019292298130383398,0.019292298130383398,1.752796732737608e-44
X428,0.019271790677114025,0.019271790677114025,2.1603947045851194e-44
X684,-0.019267013476649025,0.019267013476649025,2.2681487695975407e-44
X130,0.019223196768599633,0.019223196768599633,3.5425177416163497e-44
X14,0.019205332575487868,0.019205332575487868,4.2475104905811137e-44
X394,0.019201795129651412,0.019201795129651412,4.402852837242175e-44
X75,0.019142823944420382,0.019142823944420382,8.0051723342071355e-44
X662,0.01892085750724239,0.01892085750724239,7.473859386416367e-43
X761,0.018765206854300134,0.018765206854300134,3.5251732752237095e-42
X764,0.018659036708894506,0.018659036708894506,1.0081143320070679e-41
X503,0.018595606378859958,0.018595606378859958,1.8832850811762497e-41
X400,0.018426856998971054,0.018426856998971054,9.828960610941597e-41
X504,0.018365921008027385,0.018365921008027385,1.7784478079200597e-40
X705,-0.0182558658064296,0.0182558658064296,5.1644917038603684e-40
X243,0.018230243846548918,0.018230243846548918,6.6133317329227674e-40
X57,0.018189144913321638,0.018189144913321638,9.82589251651808e-40
X195,0.018163669081942536,0.018163669081942536,1.2553540473377942e-39
X312,-0.018049045700693937,0.018049045700693937,3.763918902671914e-39
X15,0.018013818357262526,0.018013818357262526,5.267426947552813e-39
X610,-0.017971416802687278,0.017971416802687278,7.886925569004725e-39
X505,0.017931006199785087,0.017931006199785087,1.1577239765284059e-38
X360,-0.01786662464864534,0.01786662464864534,2.1301873942392778e-38
X497,0.017826916407894175,0.017826916407894175,3.0993822742322517e-38
X352,0.01775276481177802,0.01775276481177802,6.229270853502178e-38
X496,0.017427796184761028,0.017427796184761028,1.2832284366856849e-36
X725,0.0173763835221972,0.0173763835221972,2.0604863338942283e-36
X33,0.01736423517348966,0.01736423517348966,2.3039814731540297e-36
X719,0.01735209670227698,0.01735209670227698,2.575818714413757e-36
X624,0.01731115155611708,0.01731115155611708,3.750182215725582e-36
X145,0.017292788917611452,0.017292788917611452,4.437012120362083e-36
X202,0.0171764691952252,0.0171764691952252,1.2822659508920084e-35
X588,0.01716964364112604,0.01716964364112604,1.3643543088220022e-35
X362,0.017151863129294093,0.017151863129294093,1.603539052183464e-35
X161,-0.01700003028018235,0.01700003028018235,6.327113291647504e-35
X340,0.016961820789871376,0.016961820789871376,8.920701147080617e-35
X591,0.0168929263794225,0.0168929263794225,1.654120748942788e-34
X418,0.0168803518414985,0.0168803518414985,1.8509584256708118e-34
X422,0.016800770715196617,0.016800770715196617,3.7635123373355925e-34
X470,0.01673285780926696,0.01673285780926696,6.8780395943518915e-34
X495,0.0167105115423243,0.0167105115423243,8.38306017995156e-34
X382,0.016674697061061956,0.016674697061061956,1.1505333895843152e-33
X770,-0.016624927759837056,0.016624927759837056,1.7843773517978224e-33
X346,0.016621859863092985,0.016621859863092985,1.83322832310941e-33
X768,0.016578018403417768,0.016578018403417768,2.695301545382369e-33
X356,0.016560472678973065,0.016560472678973065,3.1439548400702094e-33
X12,0.0165588655714715,0.0165588655714715,3.188582743305851e-33
X124,0.01633821584848975,0.01633821584848975,2.1800895366628486e-32
X310,0.01632898777044482,0.01632898777044482,2.3612936075581183e-32
X129,0.016308104455759795,0.016308104455759795,2.8284616324139155e-32
X615,-0.016208193163860754,0.016208193163860754,6.687568423586078e-32
X424,0.016176256406966277,0.016176256406966277,8.795280618032416e-32
X644,-0.016166744730880454,0.016166744730880454,9.542035482741389e-32
X718,0.01612768236820494,0.01612768236820494,1.3328156860551092e-31
X674,0.016070159028263562,0.016070159028263562,2.1769930835940745e-31
X730,0.016049653915172792,0.016049653915172792,2.5919924577044336e-31
X376,0.01601896240996411,0.01601896240996411,3.3641546072119436e-31
X368,0.015954621022666107,0.015954621022666107,5.802057843469577e-31
X81,0.015933204992149244,0.015933204992149244,6.952824886127806e-31
X358,0.01587962713543218,0.01587962713543218,1.0921747204374085e-30
X414,-0.015873034776321664,0.015873034776321664,1.1544617909742367e-30
X113,-0.015842061250292562,0.015842061250292562,1.4976831639327307e-30
X13,0.015827157582637082,0.015827157582637082,1.6972058271793007e-30
X162,0.01582695458465781,0.01582695458465781,1.7000980421482016e-30
X2,0.01575162073074337,0.01575162073074337,3.193332649683498e-30
X412,0.01570102795889399,0.01570102795889399,4.868332503186953e-30
X334,0.01566121835622131,0.01566121835622131,6.777586467000105e-30
X584,0.015614314815527074,0.015614314815527074,9.998031415196684e-30
X545,0.015595909999660502,0.015595909999660502,1.164207172024558e-29
X537,0.015594173726650179,0.015594173726650179,1.1810370769779984e-29
X406,0.015582189521312882,0.015582189521312882,1.303972596151413e-29
X156,0.015561814947288947,0.015561814947288947,1.5427913116464245e-29
X388,0.015516473324293713,0.015516473324293713,2.241350433254925e-29
X679,0.015363856319186254,0.015363856319186254,7.817122677900654e-29
X59,-0.015347002868233076,0.015347002868233076,8.966753924794929e-29
X150,0.015340469215628542,0.015340469215628542,9.456246749178335e-29
X533,0.015247873618878322,0.015247873618878322,2.0036430672681466e-28
X735,0.01523250529645462,0.01523250529645462,2.268590534844228e-28
X572,0.015189853741519722,0.015189853741519722,3.200095377084768e-28
X611,0.015159650357438744,0.015159650357438744,4.080513039799485e-28
X304,0.015115487186915895,0.015115487186915895,5.816739025411684e-28
X590,0.015092998875403512,0.015092998875403512,6.964821936759084e-28
X608,0.015050662091973737,0.015050662091973737,9.769594110924278e-28
X16,0.015038272796966548,0.015038272796966548,1.0784684583648762e-27
X235,0.014907354478646953,0.014907354478646953,3.0502406465081065e-27
X700,-0.014898835189553657,0.014898835189553657,3.2627349625026304e-27
X733,0.014874218915279314,0.014874218915279314,3.962778803312195e-27
X546,0.014846274487194883,0.014846274487194883,4.93929350773564e-27
X543,0.014827080797672558,0.014827080797672558,5.744735071600364e-27
X168,0.014749778981368289,0.014749778981368289,1.053529904279874e-26
X669,0.01471903330886946,0.01471903330886946,1.3397529690548456e-26
X502,0.014701803153315702,0.014701803153315702,1.5325877983683896e-26
X623,0.014685955210335179,0.014685955210335179,1.7341300614824697e-26
X209,0.014682834054807165,0.014682834054807165,1.7768151119333776e-26
X557,0.014650966482235394,0.014650966482235394,2.2768860013219162e-26
X484,0.014600371190037788,0.014600371190037788,3.371781676626497e-26
X485,0.014596662941285156,0.014596662941285156,3.470038634779608e-26
X605,0.014591825664274818,0.014591825664274818,3.602488786708433e-26
X551,0.014528173141530328,0.014528173141530328,5.890872017602169e-26
X492,0.014521186345104334,0.014521186345104334,6.216799638127945e-26
X742,0.014479792624598555,0.014479792624598555,8.548687569259118e-26
X569,0.014455380370628242,0.014455380370628242,1.031098418655865e-25
X680,-0.014402262412382795,0.014402262412382795,1.5486423293552295e-25
X576,0.014380837038659893,0.014380837038659893,1.8239931919622154e-25
X354,-0.014360190562612311,0.014360190562612311,2.1350751078287207e-25
X539,0.014326647018506796,0.014326647018506796,2.756244957082775e-25
X534,0.014322794033467581,0.014322794033467581,2.838184179547022e-25
X578,0.014306153198108663,0.014306153198108663,3.2207044826808935e-25
X103,0.014275783399722313,0.014275783399722313,4.0550982925240537e-25
X442,0.014239432425179516,0.014239432425179516,5.339267093553239e-25
X579,0.014145303046414499,0.014145303046414499,1.0851257289953755e-24
X374,0.014137860338262937,0.014137860338262937,1.1474864259231574e-24
X306,-0.013953878549904784,0.013953878549904784,4.525286068795348e-24
X549,0.013887169821800726,0.013887169821800726,7.40995575820719e-24
X449,0.0138784694933675,0.0138784694933675,7.900851671827602e-24
X380,0.013865036935627658,0.013865036935627658,8.72270252079579e-24
X316,0.013834127396789983,0.013834127396789983,1.0949398579476805e-23
X427,0.013807105530317956,0.013807105530317956,1.3351598965104577e-23
X87,0.01376841931261288,0.01376841931261288,1.7724474593923879e-23
X659,0.013720804197857693,0.013720804197857693,2.5092643552583566e-23
X721,0.013663764780239644,0.013663764780239644,3.7994917458133435e-23
X144,0.013636524195580944,0.013636524195580944,4.6292931461558037e-23
X370,0.013577143097483051,0.013577143097483051,7.111192322877836e-23
X574,0.01356665227108134,0.01356665227108134,7.670003678317823e-23
X491,0.013526850397378762,0.013526850397378762,1.0214401481132865e-22
X606,0.013506895979895326,0.013506895979895326,1.1788372973821496e-22
X242,0.013472754719150536,0.013472754719150536,1.5056944324412024e-22
X563,0.01344274944590363,0.01344274944590363,1.8660642731775033e-22
X575,0.013404356086756147,0.013404356086756147,2.453978904783115e-22
X230,0.013327065707161048,0.013327065707161048,4.249210518405666e-22
X60,0.013268238639415062,0.013268238639415062,6.439934989219579e-22
X673,0.013251995220716224,0.013251995220716224,7.221106109246936e-22
X68,0.013250478959124675,0.013250478959124675,7.298642040629607e-22
X152,0.013250478959124675,0.013250478959124675,7.298642040629607e-22
X110,0.013250478959124675,0.013250478959124675,7.298642040629607e-22
X91,0.013215417438049746,0.013215417438049746,9.340118445277543e-22
X262,0.013205466545092403,0.013205466545092403,1.0016153297951297e-21
X769,0.013195374508441677,0.013195374508441677,1.0751204755301365e-21
X780,0.01316331130962889,0.01316331130962889,1.3459194698133259e-21
X607,-0.013081954941091253,0.013081954941091253,2.3742528391349768e-21
X350,0.01299372742200063,0.01299372742200063,4.376860088712862e-21
X665,0.012957799217462793,0.012957799217462793,5.608298776134721e-21
X463,0.012949118817998737,0.012949118817998737,5.9538859339068806e-21
X178,0.012840410560811165,0.012840410560811165,1.2548254401061699e-20
X525,0.012815248730427485,0.012815248730427485,1.4898619329088137e-20
X261,0.01275616992201872,0.01275616992201872,2.226657224660617e-20
X364,0.012724514493947214,0.012724514493947214,2.759515206376879e-20
X146,0.012693382548913276,0.012693382548913276,3.4060455118286936e-20
X62,0.012693382548913276,0.012693382548913276,3.4060455118286936e-20
X104,0.012693382548913276,0.012693382548913276,3.4060455118286936e-20
X664,0.01264165686433354,0.01264165686433354,4.8267689226204825e-20
X602,0.012631107372940006,0.012631107372940006,5.1815734620863034e-20
X581,0.01255299273758943,0.01255299273758943,8.745379718185899e-20
X171,0.012466542697516087,0.012466542697516087,1.5550524039533204e-19
X222,0.01235784596948738,0.01235784596948738,3.1889004935425214e-19
X263,0.012351546074305886,0.012351546074305886,3.323809799498184e-19
X521,0.012341735337439435,0.012341735337439435,3.545210103958349e-19
X483,0.012303518953332857,0.012303518953332857,4.555410845448318e-19
X3,0.012269499191608767,0.012269499191608767,5.690870417731677e-19
X558,0.012256541012774782,0.012256541012774782,6.193334466924372e-19
X309,0.01222704565159932,0.01222704565159932,7.506265327239936e-19
X351,0.01222704565159932,0.01222704565159932,7.506265327239936e-19
X393,0.01222704565159932,0.01222704565159932,7.506265327239936e-19
X61,0.0122086161301027,0.0122086161301027,8.462465894247313e-19
X560,0.012203814757116127,0.012203814757116127,8.730733360654229e-19
X158,0.012165449139407735,0.012165449139407735,1.11986598979638e-18
X116,0.012165449139407735,0.012165449139407735,1.11986598979638e-18
X74,0.012165449139407735,0.012165449139407735,1.11986598979638e-18
X155,-0.012104357416052055,0.012104357416052055,1.6620278759791662e-18
X587,0.012092528489707642,0.012092528489707642,1.7936693001807802e-18
X531,0.012082276817620632,0.012082276817620632,1.9160500201135086e-18
X580,0.012065031062982717,0.012065031062982717,2.1407886080342306e-18
X737,0.012006788725707684,0.012006788725707684,3.109903649502199e-18
X553,-0.011856798775103518,0.011856798775103518,8.069802587212082e-18
X732,-0.01181464452789079,0.01181464452789079,1.052774176158501e-17
X527,0.011695871292895552,0.011695871292895552,2.2158098975717186e-17
X353,-0.011630728749758415,0.011630728749758415,3.3223287093376667e-17
X490,0.011622904273882214,0.011622904273882214,3.4874447514332525e-17
X661,0.011613089433445042,0.011613089433445042,3.706047072587488e-17
X102,0.011608091546761727,0.011608091546761727,3.82250226673394e-17
X460,-0.011586920862331757,0.011586920862331757,4.357151703549536e-17
X658,0.011581646578275076,0.011581646578275076,4.501438367725014e-17
X739,0.011521935752776368,0.011521935752776368,6.502677383499931e-17
X408,-0.011487174927404005,0.011487174927404005,8.04851246085584e-17
X328,0.011480782933937405,0.011480782933937405,8.369856706210691e-17
X345,-0.01143858552332923,0.01143858552332923,1.0832533549689209e-16
X429,-0.01143858552332923,0.01143858552332923,1.0832533549689209e-16
X387,-0.01143858552332923,0.01143858552332923,1.0832533549689209e-16
X90,-0.011400843787675415,0.011400843787675415,1.3632469388882116e-16
X715,0.011380858961765107,0.011380858961765107,1.5392660690560523e-16
X76,0.011380020429720727,0.011380020429720727,1.5471220689665877e-16
X357,0.011343487297576203,0.011343487297576203,1.9306096911681682e-16
X315,0.011343487297576203,0.011343487297576203,1.9306096911681682e-16
X399,0.011343487297576203,0.011343487297576203,1.9306096911681682e-16
X555,0.011314135587813662,0.011314135587813662,2.30537763661016e-16
X257,0.011270592319456601,0.011270592319456601,2.9969849244591387e-16
X493,0.011268213800293055,0.011268213800293055,3.0401588525770943e-16
X668,0.011253614363795834,0.011253614363795834,3.3189147900392667e-16
X359,-0.011193196262070985,0.011193196262070985,4.766035536072075e-16
X714,0.01112534783434912,0.01112534783434912,7.139472219067561e-16
X747,0.011104585082937823,0.011104585082937823,8.075464670929937e-16
X566,0.011100940757577874,0.011100940757577874,8.251790509270659e-16
X486,0.011088575088759548,0.011088575088759548,8.878829920272069e-16
X416,0.011032869595345818,0.011032869595345818,1.2337209960465598e-15
X326,-0.01102051629948761,0.01102051629948761,1.32679340618554e-15
X522,0.010927784788083714,0.010927784788083714,2.284614396764657e-15
X660,0.010917809307155312,0.010917809307155312,2.4215086033505392e-15
X215,0.010898441702737675,0.010898441702737675,2.7107552593396737e-15
X421,0.010708376691784122,0.010708376691784122,8.119262102249689e-15
X174,0.010663294103815633,0.010663294103815633,1.0503400972416246e-14
X317,-0.010653259866037629,0.010653259866037629,1.112127410724147e-14
X763,0.010606594282554048,0.010606594282554048,1.449796623564765e-14
X639,0.010570418684080353,0.010570418684080353,1.7792515072977037e-14
X398,0.010554224461570953,0.010554224461570953,1.949629656474644e-14
X93,0.010539792067691406,0.010539792067691406,2.114932339064388e-14
X771,-0.01050537913610449,0.01050537913610449,2.566748695726098e-14
X70,0.010362062928147333,0.010362062928147333,5.71094557606727e-14
X64,0.010306868867097412,0.010306868867097412,7.748870597045148e-14
X311,-0.0102867741033681,0.0102867741033681,8.656041919220718e-14
X456,0.01021892422026953,0.01021892422026953,1.2560124746900787e-13
X182,-0.010198192708672175,0.010198192708672175,1.4066538833150784e-13
X98,-0.010198192708672175,0.010198192708672175,1.4066538833150784e-13
X140,-0.010198192708672175,0.010198192708672175,1.4066538833150784e-13
X404,0.010157423774981491,0.010157423774981491,1.7564879942292859e-13
X347,-0.010129780324624159,0.010129780324624159,2.0409681851848123e-13
X172,0.01005542778091384,0.01005542778091384,3.050203079005139e-13
X322,0.009955858743784116,0.009955858743784116,5.200624347341096e-13
X332,-0.009786677598002119,0.009786677598002119,1.2725846392803817e-12
X745,0.009749351746406893,0.009749351746406893,1.547262924101336e-12
X599,0.00966908797728602,0.00966908797728602,2.349751311251135e-12
X743,-0.009612250553210735,0.009612250553210735,3.1524210346457477e-12
X107,-0.00960973952734645,0.00960973952734645,3.1934913518002055e-12
X746,-0.009547633684272284,0.009547633684272284,4.3939437495855735e-12
X482,0.009521630646773869,0.009521630646773869,5.019069927116155e-12
X643,0.009495088430341955,0.009495088430341955,5.7468984474473675e-12
X638,0.009474777146495614,0.009474777146495614,6.372811913588656e-12
X616,-0.00945802960278501,0.00945802960278501,6.938755213465591e-12
X320,-0.009451804965728597,0.009451804965728597,7.161419143733523e-12
X489,0.009416626357706893,0.009416626357706893,8.557770606411049e-12
X448,0.009390691765553653,0.009390691765553653,9.754747131764584e-12
X604,-0.009352695882307993,0.009352695882307993,1.1809751069722457e-11
X405,0.009330155478129175,0.009330155478129175,1.3223331420815835e-11
X321,0.009330155478129175,0.009330155478129175,1.3223331420815835e-11
X363,0.009330155478129175,0.009330155478129175,1.3223331420815835e-11
X305,-0.009297016392427509,0.009297016392427509,1.5607079313846996e-11
X548,0.009270118361142173,0.009270118361142173,1.7847009849006517e-11
X585,0.009207989846039261,0.009207989846039261,2.429273950461798e-11
X108,0.00918457431756231,0.00918457431756231,2.7272300279908755e-11
X717,0.009123554853996074,0.009123554853996074,3.681978296281885e-11
X66,0.009071569962213286,0.009071569962213286,4.7476875679957003e-11
X344,-0.00906052432773127,0.00906052432773127,5.010279642905636e-11
X410,0.008990751314824312,0.008990751314824312,7.029375143934091e-11
X386,0.00892995971116211,0.00892995971116211,9.422242622932174e-11
X635,0.00889821157445866,0.00889821157445866,1.0971726269689233e-10
X547,-0.008859581229789776,0.008859581229789776,1.3195473734130104e-10
X402,-0.008835937763928587,0.008835937763928587,1.4767797044813332e-10
X96,-0.008760782094618367,0.008760782094618367,2.1081189809383632e-10
X323,-0.008713435572159364,0.008713435572159364,2.634079135071163e-10
X696,-0.008688548285219375,0.008688548285219375,2.959887477904174e-10
X248,-0.008636671300404325,0.008636671300404325,3.77052314989732e-10
X556,-0.00862967049098263,0.00862967049098263,3.8953134039085346e-10
X84,-0.008592531060181105,0.008592531060181105,4.627820734051063e-10
X392,0.008577236573241716,0.008577236573241716,4.967119628205897e-10
X699,0.00854334085298008,0.00854334085298008,5.80788791937135e-10
X441,0.008536765999928739,0.008536765999928739,5.986347526303131e-10
X540,0.008510096435177597,0.008510096435177597,6.766712443834221e-10
X541,-0.008415356263040767,0.008415356263040767,1.0426445736892478e-09
X583,0.008390695741163254,0.008390695741163254,1.1659519058072937e-09
X554,0.008378060339288465,0.008378060339288465,1.2345279188704585e-09
X192,-0.008303535617124099,0.008303535617124099,1.726508408255981e-09
X415,0.008286559349951922,0.008286559349951922,1.862849210610263e-09
X683,0.008273349867152814,0.008273349867152814,1.976141502484115e-09
X642,0.008226500978616267,0.008226500978616267,2.434673228088694e-09
X734,0.008220552349951114,0.008220552349951114,2.4998414599795957e-09
X365,-0.00820047253591461,0.00820047253591461,2.7326100152561823e-09
X536,0.00819332254421079,0.00819332254421079,2.820485070740061e-09
X118,0.008184922285575675,0.008184922285575675,2.9272451022253953e-09
X254,-0.00817541784315965,0.00817541784315965,3.0527858065308334e-09
X564,0.008128072705627449,0.008128072705627449,3.760476826506988e-09
X513,0.008087082842869553,0.008087082842869553,4.500200186877074e-09
X164,0.008046272187859886,0.008046272187859886,5.376603407138955e-09
X122,0.008046272187859886,0.008046272187859886,5.376603407138955e-09
X80,0.008046272187859886,0.008046272187859886,5.376603407138955e-09
X716,0.008004647197871723,0.008004647197871723,6.440863345002234e-09
X166,0.007974948592208595,0.007974948592208595,7.322693902478969e-09
X206,-0.007941603219261177,0.007941603219261177,8.452915783276136e-09
X494,0.007936834172692371,0.007936834172692371,8.62782931165139e-09
X567,0.007927005387210681,0.007927005387210681,8.999487342699195e-09
X535,-0.007925881878936853,0.007925881878936853,9.042949207036373e-09
X255,-0.00789124786765731,0.00789124786765731,1.0487490525344446e-08
X338,-0.007851356608255575,0.007851356608255575,1.2430027032181716e-08
X199,-0.007818777335214749,0.007818777335214749,1.4271923051685182e-08
X249,0.007816114538147708,0.007816114538147708,1.4433673710626623e-08
X634,0.007790363151133852,0.007790363151133852,1.609267311055987e-08
X552,0.007714053747511213,0.007714053747511213,2.217087330448051e-08
X542,0.007692122980069841,0.007692122980069841,2.4296033745879533e-08
X469,0.00768380754546208,0.00768380754546208,2.515245172485839e-08
X622,0.007627071339779031,0.007627071339779031,3.18289227894732e-08
X617,-0.007621102775061342,0.007621102775061342,3.262391197386487e-08
X135,0.007609303733202903,0.007609303733202903,3.425256246758081e-08
X148,0.007607116735484324,0.007607116735484324,3.45629821505951e-08
X58,0.0075779053753512035,0.0075779053753512035,3.8980131215717257e-08
X154,0.00757281162144136,0.00757281162144136,3.9804475557650314e-08
X749,0.007517199673663698,0.007517199673663698,4.9978545895519864e-08
X348,-0.007499286082693423,0.007499286082693423,5.376248192539874e-08
X596,0.007445360568999089,0.007445360568999089,6.690574376873125e-08
X509,0.007439243278456763,0.007439243278456763,6.858002116779672e-08
X678,0.007425983113848333,0.007425983113848333,7.234977122352835e-08
X477,0.007376206305816528,0.007376206305816528,8.837454306973308e-08
X314,-0.007370433985391784,0.007370433985391784,9.04414973584944e-08
X650,-0.007336284759438309,0.007336284759438309,1.0366135473355871e-07
X649,-0.007255070282391267,0.007255070282391267,1.4304942396733801e-07
X227,-0.00722662790533508,0.00722662790533508,1.6000169852972725e-07
X601,-0.00721133116089993,0.00721133116089993,1.6990611189558789e-07
X258,0.007194744216359866,0.007194744216359866,1.8131549684529312e-07
X654,-0.007179884766821955,0.007179884766821955,1.9216285110997753e-07
X640,-0.007173042674524538,0.007173042674524538,1.9736599235951805e-07
X695,0.007151900601525204,0.007151900601525204,2.1431854898266034e-07
X455,0.007056542688066743,0.007056542688066743,3.0991577755244727e-07
X447,0.006924987129388019,0.006924987129388019,5.116008100386035e-07
X487,0.006895615823871835,0.006895615823871835,5.714918483092566e-07
X515,0.006891630343738824,0.006891630343738824,5.801219658869333e-07
X177,0.006842517655973145,0.006842517655973145,6.973396495744746e-07
X565,-0.006836886789741966,0.006836886789741966,7.121539360106704e-07
X260,0.006810991157748666,0.006810991157748666,7.842765416530318e-07
X253,-0.006788892087704643,0.006788892087704643,8.513442229031501e-07
X510,0.006663911783904924,0.006663911783904924,1.3477657500664134e-06
X160,0.0066452716559115485,0.0066452716559115485,1.4423639332751566e-06
X594,0.006573383878858099,0.006573383878858099,1.870574746075443e-06
X573,0.006572896489306449,0.006572896489306449,1.8738577882478276e-06
X4,0.006542396158987581,0.006542396158987581,2.0906928065300555e-06
X698,0.006529715001026079,0.006529715001026079,2.1877682981052638e-06
X672,0.006525083067519611,0.006525083067519611,2.2242940035275617e-06
X114,0.0064929566253839,0.0064929566253839,2.4942328710100912e-06
X720,0.006433734803889602,0.006433734803889602,3.0763870430291375e-06
X149,-0.006417454039805146,0.006417454039805146,3.2580012239956566e-06
X633,0.006398271797720344,0.006398271797720344,3.485186833715726e-06
X637,0.0062417941727167525,0.0062417941727167525,5.998065860553303e-06
X112,0.006185207326961503,0.006185207326961503,7.277019104269801e-06
X589,0.00618153920437403,0.00618153920437403,7.368356568391701e-06
X381,-0.006045301202924438,0.006045301202924438,1.1654063246014388e-05
X339,-0.006045301202924438,0.006045301202924438,1.1654063246014388e-05
X423,-0.006045301202924438,0.006045301202924438,1.1654063246014388e-05
X229,0.006013995244385636,0.006013995244385636,1.2931676854563629e-05
X1,-0.006009511384240294,0.006009511384240294,1.3125259489654459e-05
X550,-0.006006235896425651,0.006006235896425651,1.3268416962601938e-05
X524,0.006004524162501315,0.006004524162501315,1.3343820881100557e-05
X538,-0.005988101822157149,0.005988101822157149,1.4088321673270804e-05
X519,0.005960441231233938,0.005960441231233938,1.543265206404965e-05
X461,-0.005941839017691443,0.005941839017691443,1.640459217950859e-05
X106,0.005899396526412556,0.005899396526412556,1.884519200862982e-05
X409,0.005875439060370322,0.005875439060370322,2.037170475777927e-05
X194,0.005826150642458795,0.005826150642458795,2.3890512564911928e-05
X213,-0.005824440053420324,0.005824440053420324,2.4022461060685105e-05
X631,0.005822143104149727,0.005822143104149727,2.4200730146021266e-05
X559,-0.005815637212799077,0.005815637212799077,2.4712516965536998e-05
X676,-0.005747404937992546,0.005747404937992546,3.073816649147653e-05
X528,0.0056657418726878085,0.0056657418726878085,3.9788259844891026e-05
X530,0.005657145183218172,0.005657145183218172,4.087602365339844e-05
X694,0.005533858371649558,0.005533858371649558,5.993553376935554e-05
X201,0.005496860794799676,0.005496860794799676,6.713030173881896e-05
X92,-0.005490029541473027,0.005490029541473027,6.854513558176541e-05
X176,-0.005490029541473027,0.005490029541473027,6.854513558176541e-05
X134,-0.005490029541473027,0.005490029541473027,6.854513558176541e-05
X621,0.005400711411415036,0.005400711411415036,8.984119699404858e-05
X259,0.005358656057275456,0.005358656057275456,0.00010190583897758654
X308,-0.005340267567052297,0.005340267567052297,0.00010764798396434607
X544,-0.005338483739934963,0.005338483739934963,0.00010822097465746429
X440,0.005328501149943612,0.005328501149943612,0.00011148100295852797
X523,-0.005327101394837262,0.005327101394837262,0.00011194546064585277
X641,0.005249144775856969,0.005249144775856969,0.00014089497224056144
X454,0.005239702068524457,0.005239702068524457,0.00014484559212265538
X180,0.005172893075251312,0.005172893075251312,0.00017592379786787087
X252,-0.00515214051026088,0.00515214051026088,0.00018678864378165766
X692,-0.005129024669450722,0.005129024669450722,0.000199632076014094
X618,-0.005082704472343484,0.005082704472343484,0.00022790427899830134
X630,0.005068829608385639,0.005068829608385639,0.000237078647828215
X72,0.004967980308481126,0.004967980308481126,0.00031493678004596584
X327,0.0049645723465809736,0.0049645723465809736,0.00031794549469888606
X369,0.0049645723465809736,0.0049645723465809736,0.00031794549469888606
X411,0.0049645723465809736,0.0049645723465809736,0.00031794549469888606
X724,0.00493969995949519,0.00493969995949519,0.0003407325554066331
X391,0.0048876851272107846,0.0048876851272107846,0.0003934120237657999
X702,0.004868538665745934,0.004868538665745934,0.0004146507125184017
X234,0.004783079264537955,0.004783079264537955,0.0005231682201839318
X703,0.004781049533980172,0.004781049533980172,0.0005260416025392233
X598,-0.004728103299530453,0.004728103299530453,0.0006063971529277799
X516,0.004614144617916764,0.004614144617916764,0.0008195826703272299
X677,0.0045811213732794825,0.0045811213732794825,0.0008932761039879266
X779,0.0045108287933946405,0.0045108287933946405,0.0010710290462437114
X517,-0.004431746696545219,0.004431746696545219,0.0013098079277136883
X603,0.0043522937068147674,0.0043522937068147674,0.0015983719296169022
X396,-0.004336033459923755,0.004336033459923755,0.001664209824797061
X208,0.004333615584359968,0.004333615584359968,0.0016742102112635559
X593,0.004277837205134995,0.004277837205134995,0.0019208248328982515
X142,0.0042359476567183285,0.0042359476567183285,0.0021275020782962027
X241,0.004061576173946776,0.004061576173946776,0.0032255942453926724
X511,-0.0040387831879323335,0.0040387831879323335,0.0034021890709571194
X526,-0.004035617126484057,0.004035617126484057,0.0034274033333527945
X413,0.003981204484826839,0.003981204484826839,0.003888176077343607
X691,0.0038740657610581365,0.0038740657610581365,0.00496341232388372
X481,0.003823518812246794,0.003823518812246794,0.005558602987874398
X520,-0.003810700283843118,0.003810700283843118,0.005719437822546566
X97,0.0037946513911458974,0.0037946513911458974,0.005926715346814057
X397,0.0037828262662433993,0.0037828262662433993,0.0060837470957228945
X403,0.0037092883805129907,0.0037092883805129907,0.007147246429249881
X741,0.0036868420896089796,0.0036868420896089796,0.00750359044944725
X561,0.0036535153315516984,0.0036535153315516984,0.008062082287820117
X207,-0.0036169822415131926,0.0036169822415131926,0.008716811284650614
X646,-0.0035674659987018336,0.0035674659987018336,0.009679957913326655
X514,-0.0035149878490049174,0.0035149878490049174,0.010803210686162048
X488,0.00345483314149661,0.00345483314149661,0.012232081698104223
X221,0.0034496195472882617,0.0034496195472882617,0.012363473575951404
X8,-0.0034300307266366655,0.0034300307266366655,0.01286838770805222
X220,-0.0034299984643213722,0.0034299984643213722,0.012869234120597687
X100,0.0034113476232319603,0.0034113476232319603,0.013366868162146899
X468,0.0033871913237615205,0.0033871913237615205,0.014036633071058959
X595,-0.003341394942399099,0.003341394942399099,0.015388109016760878
X706,0.0033336181300201106,0.0033336181300201106,0.01562864655914302
X597,0.0033222326080591677,0.0033222326080591677,0.015986767854035362
X389,-0.003239424866628795,0.003239424866628795,0.018815484386847325
X395,-0.003234033443987187,0.003234033443987187,0.019013975568098387
X138,0.003192253640661775,0.003192253640661775,0.020615185879079394
X632,0.0031270780406732674,0.0031270780406732674,0.02334783104594537
X446,0.003056071332363588,0.003056071332363588,0.02667769511693044
X690,0.0030118002970701495,0.0030118002970701495,0.028955118622435428
X200,-0.0029587779729872824,0.0029587779729872824,0.03190122128360913
X645,0.0029078428448094176,0.0029078428448094176,0.03496972007323665
X193,-0.002852922789068867,0.002852922789068867,0.03855718205582483
X512,0.002823686063217943,0.002823686063217943,0.04059138335857993
X250,0.0027963077321581016,0.0027963077321581016,0.042578058496905616
X701,-0.0027617144544798194,0.0027617144544798194,0.045205301262811984
X738,0.0027009630279462376,0.0027009630279462376,0.05014989619822944
X120,0.002694623266090416,0.002694623266090416,0.05069107794585746
X7,-0.0025944102613624184,0.0025944102613624184,0.05991575040290243
X651,-0.0025203334382737585,0.0025203334382737585,0.06759550346255395
X476,0.0025107515055281795,0.0025107515055281795,0.06864558841170622
X775,0.002492073145681709,0.002492073145681709,0.07073109184994684
X401,-0.002477539884487769,0.002477539884487769,0.07238948499458557
X707,0.0024372574629183954,0.0024372574629183954,0.07715310710577368
X518,0.00238396334303131,0.00238396334303131,0.08384474741078518
X390,0.0023214314170008246,0.0023214314170008246,0.09228726623858394
X214,0.0022996824747103586,0.0022996824747103586,0.0953788850808993
X682,0.002299304569800255,0.002299304569800255,0.09543332863363531
X532,-0.0022441020943663376,0.0022441020943663376,0.10365724701358892
X774,0.0022381148026066715,0.0022381148026066715,0.10458209046839104
X425,-0.002225234975122142,0.002225234975122142,0.10659381353999087
X529,-0.0022058940470770015,0.0022058940470770015,0.10967217905481373
X655,-0.002173293718524039,0.002173293718524039,0.11501953366918165
X419,0.0021659565313971656,0.0021659565313971656,0.1162508577930363
X453,0.002141646408496455,0.002141646408496455,0.12040469620510974
X577,-0.0020975380665652146,0.0020975380665652146,0.12823708654550633
X143,0.0019933169139746904,0.0019933169139746904,0.14831426093182976
X251,-0.0019318616584393918,0.0019318616584393918,0.16123040962535473
X773,-0.0019070742387616647,0.0019070742387616647,0.16667405739995314
X772,-0.0018834064129467428,0.0018834064129467428,0.1719996789335944
X685,-0.0018767669580218357,0.0018767669580218357,0.17351628584324424
X619,-0.00186724475261245,0.00186724475261245,0.17570879233380524
X126,-0.0018589402146606062,0.0018589402146606062,0.17763773989397172
X697,-0.0018106471078914782,0.0018106471078914782,0.18916846433730106
X600,0.0018093169001358023,0.0018093169001358023,0.18949370194411835
X689,0.0017506044140853027,0.0017506044140853027,0.20426235391150224
X636,-0.0016747583967055713,0.0016747583967055713,0.22455714692518502
X228,-0.0016677316392837366,0.0016677316392837366,0.22650784194018928
X377,0.0016664322335429168,0.0016664322335429168,0.22686988982991274
X728,0.0016460360710671637,0.0016460360710671637,0.23260693429286652
X776,0.0016228432013013338,0.0016228432013013338,0.2392548332643516
X6,-0.0015480567881367726,0.0015480567881367726,0.26159985601927643
X474,-0.0014884457500183724,0.0014884457500183724,0.28041431334280775
X101,-0.0011613358535359339,0.0011613358535359339,0.3996895628349665
X681,0.001098252707235669,0.001098252707235669,0.42578259969003407
X333,-0.0010543690143909844,0.0010543690143909844,0.4445063778982511
X417,-0.0010543690143909844,0.0010543690143909844,0.4445063778982511
X375,-0.0010543690143909844,0.0010543690143909844,0.4445063778982511
X5,0.0010348793789089798,0.0010348793789089798,0.4529703476936661
X688,-0.0010071409851396549,0.0010071409851396549,0.4651720401117609
X335,0.0009770411671790966,0.0009770411671790966,0.4786167000121192
X78,0.0009420924842690093,0.0009420924842690093,0.49448986488584745
X329,-0.0009252941368557463,0.0009252941368557463,0.502218408048969
X562,0.0009184700589403411,0.0009184700589403411,0.5053761672260734
X778,0.0007601718263429916,0.0007601718263429916,0.5814553468122664
X256,0.0007590566930740992,0.0007590566930740992,0.5820097429084661
X439,0.0006960942237153358,0.0006960942237153358,0.6137046157793813
X383,-0.0006869334939779942,0.0006869334939779942,0.6183788211113913
X132,-0.0006543001923836646,0.0006543001923836646,0.6351545754923454
X467,0.0005979675601316568,0.0005979675601316568,0.6645548872900101
X687,0.0005974134975802237,0.0005974134975802237,0.6648467305773057
X462,0.0005643042497114418,0.0005643042497114418,0.6823773355643415
X341,-0.0004989025961276424,0.0004989025961276424,0.7175064723492208
X686,0.0004987238610409629,0.0004987238610409629,0.7176033406206962
X620,0.0004196062617527422,0.0004196062617527422,0.7609074584576642
X710,0.00040517536600693106,0.00040517536600693106,0.7688921070758856
X711,0.000357935563138416,0.000357935563138416,0.7951977208844426
X777,0.0003555530825316008,0.0003555530825316008,0.7965308772997157
X571,-0.00032431511202057054,0.00032431511202057054,0.8140641599011837
X9,-0.0002857952771788178,0.0002857952771788178,0.8358126492039382
X371,0.0002580936601057973,0.0002580936601057973,0.8515321181478588
X693,-0.00019584208743366166,0.00019584208743366166,0.8870638728888188
X568,-0.00016532702339458488,0.00016532702339458488,0.9045690480371503
X647,0.00013867443927679537,0.00013867443927679537,0.9198968231280911
X86,0.00012023424593370254,0.00012023424593370254,0.9305194857367907
X170,0.00012023424593370254,0.00012023424593370254,0.9305194857367907
X128,0.00012023424593370254,0.00012023424593370254,0.9305194857367907
X475,-6.264685800435959e-05,6.264685800435959e-05,0.9637644582152197
X407,-2.786270399789527e-05,2.786270399789527e-05,0.9838794986190686
