feature,pearson,abs_pearson,kept
X752,0.09056130214388586,0.09056130214388586,True
X21,0.06940129672614827,0.06940129672614827,True
X20,0.06766744946931325,0.06766744946931325,True
X28,0.06409245413469858,0.06409245413469858,True
X759,0.06405742798066756,0.06405742798066756,True
X29,0.06233883508715469,0.06233883508715469,True
X19,0.06229315978768877,0.06229315978768877,True
X27,0.06225132613430273,0.06225132613430273,True
X22,0.057675789364430116,0.057675789364430116,True
X754,0.057320340020755894,0.057320340020755894,True
X219,0.05675686406277551,0.05675686406277551,True
X756,0.05625887072893209,0.05625887072893209,True
X287,0.05589282939636527,0.05589282939636527,True
X289,0.05589194223080575,0.05589194223080575,True
X291,0.05543506402161667,0.05543506402161667,True
X293,0.055291155820027825,0.055291155820027825,True
X753,0.05468603830399545,0.05468603830399545,True
X295,0.05463726755864708,0.05463726755864708,True
X614,0.0545277485981537,0.0545277485981537,True
X218,0.05373939510917835,0.05373939510917835,True
X751,0.05353178343797753,0.05353178343797753,True
X297,0.053283216304453686,0.053283216304453686,True
X298,0.053103878833356315,0.053103878833356315,True
X285,0.052865409822752535,0.052865409822752535,True
X300,0.052631533741628655,0.052631533741628655,True
X299,0.05236611189199952,0.05236611189199952,True
X302,0.05173633581599783,0.05173633581599783,True
X26,0.05169699496504375,0.05169699496504375,True
X292,0.051508881422802494,0.051508881422802494,True
X301,0.05146496958527735,0.05146496958527735,True
X294,0.05130549404708705,0.05130549404708705,True
X296,0.05072462102835854,0.05072462102835854,True
X303,0.04988452561709291,0.04988452561709291,True
X283,0.049837776708958954,0.049837776708958954,True
X30,0.04959426994847209,0.04959426994847209,True
X465,0.04958289628726418,0.04958289628726418,True
X18,0.049538909454715174,0.049538909454715174,True
X466,0.04925487735994858,0.04925487735994858,True
X181,0.04916402396955224,0.04916402396955224,True
X288,0.048891300761992836,0.048891300761992836,True
X290,0.04887927080358403,0.04887927080358403,True
X286,0.04866139284067425,0.04866139284067425,True
X281,0.04786502634864948,0.04786502634864948,True
X217,0.04617832541316961,0.04617832541316961,True
X175,0.04581510766088516,0.04581510766088516,True
X757,0.04551486876542004,0.04551486876542004,True
X226,0.045164794532265067,0.045164794532265067,True
X225,0.0450246087512493,0.0450246087512493,True
X23,0.04495869884257697,0.04495869884257697,True
X508,0.04452500129708521,0.04452500129708521,True
X137,-0.04429003016126681,0.04429003016126681,True
X284,0.043762916802396995,0.043762916802396995,True
X95,-0.04294828230956151,0.04294828230956151,True
X198,0.042872051365061,0.042872051365061,True
X272,0.04253565236667942,0.04253565236667942,True
X472,0.042454335324755656,0.042454335324755656,True
X277,0.04208999301446082,0.04208999301446082,True
X224,0.041703718974002255,0.041703718974002255,True
X656,-0.04168189411002867,0.04168189411002867,True
X652,-0.041440337752609774,0.041440337752609774,True
X282,0.041294163688819385,0.041294163688819385,True
X31,0.04083379623378067,0.04083379623378067,True
X758,0.04082790015534467,0.04082790015534467,True
X131,-0.04058228480274715,0.04058228480274715,True
X89,-0.0405201018133613,0.0405201018133613,True
X278,0.04043902442254533,0.04043902442254533,True
X464,0.04040230044265299,0.04040230044265299,True
X197,0.040240991867475366,0.040240991867475366,True
X473,0.040191307503056294,0.040191307503056294,True
X279,0.03990285375002962,0.03990285375002962,True
X269,0.03962104104010655,0.03962104104010655,True
X280,0.03952696963041837,0.03952696963041837,True
X444,0.03946263952160934,0.03946263952160934,True
X629,0.03937014670375956,0.03937014670375956,True
X270,0.03875199262364302,0.03875199262364302,True
X271,0.038488831727812985,0.038488831727812985,True
X169,0.038476003172787994,0.038476003172787994,True
X445,0.03847578622040361,0.03847578622040361,True
X744,0.0382307652451579,0.0382307652451579,True
X373,0.03813563500589038,0.03813563500589038,True
X385,0.038094641149287276,0.038094641149287276,True
X379,0.0379445904537622,0.0379445904537622,True
X762,0.03778977462505782,0.03778977462505782,True
X750,0.037743529168034445,0.037743529168034445,True
X367,0.037703715310000774,0.037703715310000774,True
X186,0.037338148927789125,0.037338148927789125,True
X432,0.03733761760609302,0.03733761760609302,True
X361,0.03718048875204469,0.03718048875204469,True
X471,0.03706503725747827,0.03706503725747827,True
X435,0.03694136424471341,0.03694136424471341,True
X205,0.03681751525419727,0.03681751525419727,True
X331,0.03631600872693323,0.03631600872693323,True
X507,0.036025541547114966,0.036025541547114966,True
X355,0.035867200079899186,0.035867200079899186,True
X83,-0.03572961748025546,0.03572961748025546,True
X712,-0.03561453774495953,0.03561453774495953,True
X204,0.03554033947818024,0.03554033947818024,True
X451,0.03532550346300962,0.03532550346300962,True
X189,0.03496771933016375,0.03496771933016375,True
X196,0.0345566639159599,0.0345566639159599,True
X648,-0.034518304748459086,0.034518304748459086,True
X627,0.03451756657478562,0.03451756657478562,True
X179,-0.03439725260478684,0.03439725260478684,True
X325,0.0342278894100073,0.0342278894100073,True
X452,0.03421140151396883,0.03421140151396883,True
X266,0.03411763481790774,0.03411763481790774,True
X268,0.033886533072512486,0.033886533072512486,True
X24,0.0338048758410444,0.0338048758410444,True
X708,-0.033510111800844844,0.033510111800844844,True
X267,0.03315314252607519,0.03315314252607519,True
X438,0.03314161198832115,0.03314161198832115,True
X44,0.033092916324086896,0.033092916324086896,True
X111,0.03308684180806963,0.03308684180806963,True
X77,-0.03303193585508202,0.03303193585508202,True
X153,0.03298978762943923,0.03298978762943923,True
X276,0.032973702438566815,0.032973702438566815,True
X46,0.0329094980614134,0.0329094980614134,True
X238,0.03283975128701214,0.03283975128701214,True
X42,0.032786615056290935,0.032786615056290935,True
X125,-0.03270888026827173,0.03270888026827173,True
X48,0.03270096223712161,0.03270096223712161,True
X40,0.03246281450927512,0.03246281450927512,True
X671,0.03244390992141148,0.03244390992141148,True
X32,0.032325379784959724,0.032325379784959724,True
X50,0.03218580518224625,0.03218580518224625,True
X384,-0.032097556858653245,0.032097556858653245,True
X245,0.03202690624293864,0.03202690624293864,True
X337,0.032014567726707674,0.032014567726707674,True
X319,0.03200070802845066,0.03200070802845066,True
X117,0.03181306072875456,0.03181306072875456,True
X173,-0.03177639055144397,0.03177639055144397,True
X183,0.031735525560149414,0.031735525560149414,True
X443,0.03161367849524137,0.03161367849524137,True
X203,0.0315131280356539,0.0315131280356539,True
X147,0.03149554065060434,0.03149554065060434,True
X246,0.03141753019597827,0.03141753019597827,True
X94,0.03130580895488493,0.03130580895488493,True
X336,-0.031051579127747003,0.031051579127747003,True
X133,0.030838371664293634,0.030838371664293634,True
X265,0.030835444363369994,0.030835444363369994,True
X313,0.030764818908852708,0.030764818908852708,True
X239,0.03062702230435596,0.03062702230435596,True
X139,0.030552103259068347,0.030552103259068347,True
X105,0.030542955545773742,0.030542955545773742,True
X71,-0.0305340641740485,0.0305340641740485,True
X274,0.030458786213128565,0.030458786213128565,True
X163,0.030298863392721864,0.030298863392721864,True
X431,0.030077328511292925,0.030077328511292925,True
X378,-0.029967710920407845,0.029967710920407845,True
X342,-0.029857224503939975,0.029857224503939975,True
X586,0.029837735091201953,0.029837735091201953,True
X275,0.029810258513606084,0.029810258513606084,True
X273,0.02977978524898732,0.02977978524898732,True
X264,0.02966478065039442,0.02966478065039442,True
X159,0.029654557809530573,0.029654557809530573,True
X349,0.029479664314442173,0.029479664314442173,True
X43,0.029359872980291406,0.029359872980291406,True
X667,0.029310356279236158,0.029310356279236158,True
X212,0.028937257192338244,0.028937257192338244,True
X501,0.028855293396407848,0.028855293396407848,True
X211,0.028824218131708837,0.028824218131708837,True
X450,0.028652125458330607,0.028652125458330607,True
X52,0.028611528491591067,0.028611528491591067,True
X127,0.02860830044075028,0.02860830044075028,True
X740,-0.02857803101741954,0.02857803101741954,True
X592,0.02852047603595086,0.02852047603595086,True
X41,0.028453414186260993,0.028453414186260993,True
X47,0.02819092510992908,0.02819092510992908,True
X45,0.028187891938514825,0.028187891938514825,True
X54,0.028059706860190287,0.028059706860190287,True
X121,0.028028781098550035,0.028028781098550035,True
X49,0.028018808697671104,0.028018808697671104,True
X38,0.027959189841645988,0.027959189841645988,True
X612,0.02795788789415179,0.02795788789415179,True
X330,-0.02785755879680941,0.02785755879680941,True
X343,0.027815675670620498,0.027815675670620498,True
X434,0.027773151730941727,0.027773151730941727,True
X39,0.02777231797538292,0.02777231797538292,True
X748,-0.02771470209834399,0.02771470209834399,True
X657,-0.027557918181504843,0.027557918181504843,True
X233,0.027318303069592136,0.027318303069592136,True
X704,-0.02731174838969966,0.02731174838969966,True
X500,0.02730929446889912,0.02730929446889912,True
X727,0.027299859251533103,0.027299859251533103,True
X766,0.027225035636269594,0.027225035636269594,True
X56,0.027084337616812382,0.027084337616812382,True
X458,0.02705299138280715,0.02705299138280715,True
X625,0.026971276479188934,0.026971276479188934,True
X307,0.026854807745467037,0.026854807745467037,True
X187,0.026789733403974298,0.026789733403974298,True
X157,0.026754576808747706,0.026754576808747706,True
X426,-0.026630326515293894,0.026630326515293894,True
X184,0.02655868643595646,0.02655868643595646,True
X628,0.026503880981727897,0.026503880981727897,True
X88,0.026295042651778597,0.026295042651778597,True
X115,0.02627762201880133,0.02627762201880133,True
X210,0.026244092764408727,0.026244092764408727,True
X190,0.02622936142678732,0.02622936142678732,True
X232,0.026218414282254507,0.026218414282254507,True
X506,0.026162561374542564,0.026162561374542564,True
X459,0.026131121668898867,0.026131121668898867,True
X670,0.02604636072652374,0.02604636072652374,True
X709,-0.02579392195993019,0.02579392195993019,True
X237,0.025646445817401612,0.025646445817401612,True
X167,-0.025575329232647402,0.025575329232647402,True
X36,0.02544726516800168,0.02544726516800168,True
X65,-0.02528866694176778,0.02528866694176778,True
X51,0.025232531237239227,0.025232531237239227,True
X372,-0.02497906553595254,0.02497906553595254,True
X53,0.02489373587401695,0.02489373587401695,True
X123,0.02468728316918765,0.02468728316918765,True
X223,0.024562808679872823,0.024562808679872823,True
X433,0.02440082340312623,0.02440082340312623,True
X765,0.024398201712660005,0.024398201712660005,True
X191,0.0243778840517501,0.0243778840517501,True
X55,0.02426588684964829,0.02426588684964829,True
X247,0.024211315923079908,0.024211315923079908,True
X499,0.024201945864473325,0.024201945864473325,True
X675,0.024102296489908425,0.024102296489908425,True
X582,0.024053934879968396,0.024053934879968396,True
X34,0.023985599491332346,0.023985599491332346,True
X216,0.02398493744255588,0.02398493744255588,True
X666,0.02383220960956016,0.02383220960956016,True
X713,-0.02370542565135014,0.02370542565135014,True
X653,-0.02367213840544163,0.02367213840544163,True
X79,0.023489041048301216,0.023489041048301216,True
X479,0.023442818482634534,0.023442818482634534,True
X244,0.0233990049117451,0.0233990049117451,True
X437,0.023280084425644727,0.023280084425644727,True
X726,0.023270623494952614,0.023270623494952614,True
X626,0.023214763751967255,0.023214763751967255,True
X436,0.023179843437077196,0.023179843437077196,True
X151,0.023104286960666683,0.023104286960666683,True
X141,0.023042837335952755,0.023042837335952755,True
X736,-0.023026569037304996,0.023026569037304996,True
X663,0.02297754470025419,0.02297754470025419,True
X37,0.022956252325331147,0.022956252325331147,True
X73,0.02293059341088893,0.02293059341088893,True
X63,0.022774827107194695,0.022774827107194695,True
X723,0.02274886644552919,0.02274886644552919,True
X99,0.022682272823894234,0.022682272823894234,True
X188,0.02260274959115968,0.02260274959115968,True
X731,0.022548118385918737,0.022548118385918737,True
X760,0.022374788663693104,0.022374788663693104,True
X25,0.02232091510251361,0.02232091510251361,True
X69,0.02231390929658324,0.02231390929658324,True
X136,0.022301590167321625,0.022301590167321625,True
X109,0.02221573519162681,0.02221573519162681,True
X231,0.02219956841180338,0.02219956841180338,True
X324,-0.02215391445728411,0.02215391445728411,True
X240,0.022125535055458386,0.022125535055458386,True
X420,-0.022010929446713883,0.022010929446713883,True
X480,0.02193030786840004,0.02193030786840004,True
X430,0.02189718234535301,0.02189718234535301,True
X457,0.021759856806023208,0.021759856806023208,True
X119,-0.021755432439378254,0.021755432439378254,True
X767,0.021525246900103177,0.021525246900103177,True
X609,0.021520406054007887,0.021520406054007887,True
X729,0.02108256211905865,0.02108256211905865,True
X185,0.020486648903689834,0.020486648903689834,True
X82,0.02046286816343595,0.02046286816343595,True
X613,-0.02034959178091097,0.02034959178091097,True
X10,0.020332795631062564,0.020332795631062564,True
X570,0.020318710741630493,0.020318710741630493,True
X722,0.02031537375553996,0.02031537375553996,True
X366,-0.02028373774352032,0.02028373774352032,True
X236,0.02017406784288521,0.02017406784288521,True
X67,0.020068225132038032,0.020068225132038032,True
X755,0.02006593638571101,0.02006593638571101,True
X318,-0.019755258266406478,0.019755258266406478,True
X165,0.019699602056467983,0.019699602056467983,True
X478,0.019667939063412895,0.019667939063412895,True
X85,0.01958633775573605,0.01958633775573605,True
X498,0.019579529911685514,0.019579529911685514,True
X35,0.019354344243386386,0.019354344243386386,True
X17,0.019308961535839938,0.019308961535839938,True
X11,0.019292298130383412,0.019292298130383412,True
X428,0.019271790677113983,0.019271790677113983,True
X684,-0.01926701347664901,0.01926701347664901,True
X130,0.01922319676859964,0.01922319676859964,True
X14,0.019205332575487837,0.019205332575487837,True
X394,0.019201795129651398,0.019201795129651398,True
X75,0.019142823944420392,0.019142823944420392,True
X662,0.01892085750724238,0.01892085750724238,True
X761,0.01876520685430012,0.01876520685430012,True
X764,0.01865903670889454,0.01865903670889454,True
X503,0.01859560637885997,0.01859560637885997,True
X400,0.01842685699897108,0.01842685699897108,True
X504,0.0183659210080274,0.0183659210080274,True
X705,-0.018255865806429676,0.018255865806429676,True
X243,0.018230243846548946,0.018230243846548946,True
X57,0.018189144913321634,0.018189144913321634,True
X195,0.01816366908194254,0.01816366908194254,True
X312,-0.01804904570069394,0.01804904570069394,True
X15,0.018013818357262533,0.018013818357262533,True
X610,-0.017971416802687268,0.017971416802687268,True
X505,0.01793100619978505,0.01793100619978505,True
X360,-0.01786662464864535,0.01786662464864535,True
X497,0.017826916407894185,0.017826916407894185,True
X352,0.017752764811778034,0.017752764811778034,True
X496,0.017427796184761014,0.017427796184761014,True
X725,0.01737638352219718,0.01737638352219718,True
X33,0.01736423517348965,0.01736423517348965,True
X719,0.017352096702276974,0.017352096702276974,True
X624,0.017311151556117118,0.017311151556117118,True
X145,0.017292788917611462,0.017292788917611462,True
X202,0.017176469195225186,0.017176469195225186,True
X588,0.017169643641126036,0.017169643641126036,True
X362,0.017151863129294093,0.017151863129294093,True
X161,-0.01700003028018237,0.01700003028018237,True
X340,0.016961820789871403,0.016961820789871403,True
X591,0.0168929263794225,0.0168929263794225,True
X418,0.01688035184149847,0.01688035184149847,True
X422,0.016800770715196693,0.016800770715196693,True
X470,0.01673285780926695,0.01673285780926695,True
X495,0.016710511542324304,0.016710511542324304,True
X382,0.016674697061061963,0.016674697061061963,True
X770,-0.016624927759837094,0.016624927759837094,True
X346,0.016621859863093006,0.016621859863093006,True
X768,0.016578018403417775,0.016578018403417775,True
X356,0.01656047267897308,0.01656047267897308,True
X12,0.01655886557147149,0.01655886557147149,True
X124,0.016338215848489712,0.016338215848489712,True
X310,0.01632898777044483,0.01632898777044483,True
X129,0.0163081044557598,0.0163081044557598,True
X615,-0.016208193163860754,0.016208193163860754,True
X424,0.016176256406966294,0.016176256406966294,True
X644,-0.016166744730880516,0.016166744730880516,True
X718,0.016127682368204947,0.016127682368204947,True
X674,0.016070159028263586,0.016070159028263586,True
X730,0.01604965391517276,0.01604965391517276,True
X376,0.016018962409964123,0.016018962409964123,True
X368,0.015954621022666142,0.015954621022666142,True
X81,0.01593320499214927,0.01593320499214927,True
X358,0.01587962713543217,0.01587962713543217,True
X414,-0.015873034776321637,0.015873034776321637,True
X113,-0.015842061250292527,0.015842061250292527,True
X13,0.015827157582637096,0.015827157582637096,True
X162,0.015826954584657774,0.015826954584657774,True
X2,0.01575162073074337,0.01575162073074337,True
X412,0.015701027958894005,0.015701027958894005,True
X334,0.0156612183562213,0.0156612183562213,True
X584,0.01561431481552708,0.01561431481552708,True
X545,0.015595909999660547,0.015595909999660547,True
X537,0.015594173726650179,0.015594173726650179,True
X406,0.015582189521312873,0.015582189521312873,True
X156,0.015561814947288926,0.015561814947288926,True
X388,0.01551647332429373,0.01551647332429373,True
X679,0.01536385631918628,0.01536385631918628,True
X59,-0.015347002868233053,0.015347002868233053,True
X150,0.015340469215628559,0.015340469215628559,True
X533,0.01524787361887831,0.01524787361887831,True
X735,0.015232505296454629,0.015232505296454629,True
X572,0.015189853741519668,0.015189853741519668,True
X611,0.015159650357438702,0.015159650357438702,True
X304,0.015115487186915903,0.015115487186915903,True
X590,0.015092998875403538,0.015092998875403538,True
X608,0.015050662091973782,0.015050662091973782,True
X16,0.015038272796966531,0.015038272796966531,True
X235,0.014907354478647007,0.014907354478647007,True
X700,-0.014898835189553651,0.014898835189553651,True
X733,0.014874218915279376,0.014874218915279376,True
X546,0.01484627448719488,0.01484627448719488,True
X543,0.01482708079767259,0.01482708079767259,True
X168,0.014749778981368308,0.014749778981368308,True
X669,0.014719033308869398,0.014719033308869398,True
X502,0.014701803153315714,0.014701803153315714,True
X623,0.014685955210335186,0.014685955210335186,True
X209,0.01468283405480717,0.01468283405480717,True
X557,0.014650966482235352,0.014650966482235352,True
X484,0.014600371190037795,0.014600371190037795,True
X485,0.01459666294128515,0.01459666294128515,True
X605,0.014591825664274844,0.014591825664274844,True
X551,0.014528173141530326,0.014528173141530326,True
X492,0.014521186345104325,0.014521186345104325,True
X742,0.014479792624598569,0.014479792624598569,True
X569,0.01445538037062823,0.01445538037062823,True
X680,-0.01440226241238281,0.01440226241238281,True
X576,0.014380837038659914,0.014380837038659914,True
X354,-0.01436019056261233,0.01436019056261233,True
X539,0.014326647018506783,0.014326647018506783,True
X534,0.014322794033467581,0.014322794033467581,True
X578,0.014306153198108663,0.014306153198108663,True
X103,0.014275783399722327,0.014275783399722327,True
X442,0.014239432425179513,0.014239432425179513,True
X579,0.014145303046414513,0.014145303046414513,True
X374,0.014137860338262954,0.014137860338262954,True
X306,-0.013953878549904788,0.013953878549904788,True
X549,0.013887169821800717,0.013887169821800717,True
X449,0.013878469493367516,0.013878469493367516,True
X380,0.013865036935627656,0.013865036935627656,True
X316,0.013834127396789995,0.013834127396789995,True
X427,0.013807105530317961,0.013807105530317961,True
X87,0.013768419312612894,0.013768419312612894,True
X659,0.013720804197857638,0.013720804197857638,True
X721,0.013663764780239679,0.013663764780239679,True
X144,0.013636524195580901,0.013636524195580901,True
X370,0.013577143097483044,0.013577143097483044,True
X574,0.013566652271081312,0.013566652271081312,True
X491,0.013526850397378767,0.013526850397378767,True
X606,0.013506895979895368,0.013506895979895368,True
X242,0.013472754719150545,0.013472754719150545,True
X563,0.013442749445903662,0.013442749445903662,True
X575,0.013404356086756114,0.013404356086756114,True
X230,0.013327065707161048,0.013327065707161048,True
X60,0.01326823863941508,0.01326823863941508,True
X673,0.013251995220716234,0.013251995220716234,True
X68,0.013250478959124712,0.013250478959124712,True
X152,0.013250478959124712,0.013250478959124712,True
X110,0.013250478959124712,0.013250478959124712,True
X91,0.013215417438049756,0.013215417438049756,True
X262,0.013205466545092408,0.013205466545092408,True
X769,0.013195374508441687,0.013195374508441687,True
X780,0.013163311309628964,0.013163311309628964,True
X607,-0.013081954941091257,0.013081954941091257,True
X350,0.012993727422000636,0.012993727422000636,True
X665,0.012957799217462826,0.012957799217462826,True
X463,0.01294911881799874,0.01294911881799874,True
X178,0.012840410560811184,0.012840410560811184,True
X525,0.012815248730427477,0.012815248730427477,True
X261,0.012756169922018747,0.012756169922018747,True
X364,0.012724514493947237,0.012724514493947237,True
X146,0.012693382548913341,0.012693382548913341,True
X62,0.012693382548913341,0.012693382548913341,True
X104,0.012693382548913341,0.012693382548913341,True
X664,0.012641656864333585,0.012641656864333585,True
X602,0.012631107372939918,0.012631107372939918,True
X581,0.012552992737589436,0.012552992737589436,True
X171,0.012466542697516094,0.012466542697516094,True
X222,0.012357845969487365,0.012357845969487365,True
X263,0.012351546074305908,0.012351546074305908,True
X521,0.012341735337439427,0.012341735337439427,True
X483,0.012303518953332862,0.012303518953332862,True
X3,0.01226949919160877,0.01226949919160877,True
X558,0.012256541012774812,0.012256541012774812,True
X309,0.012227045651599504,0.012227045651599504,True
X351,0.012227045651599504,0.012227045651599504,True
X393,0.012227045651599504,0.012227045651599504,True
X61,0.012208616130102691,0.012208616130102691,True
X560,0.012203814757116087,0.012203814757116087,True
X158,0.012165449139407728,0.012165449139407728,True
X116,0.012165449139407728,0.012165449139407728,True
X74,0.012165449139407728,0.012165449139407728,True
X155,-0.01210435741605207,0.01210435741605207,True
X587,0.012092528489707648,0.012092528489707648,True
X531,0.012082276817620662,0.012082276817620662,True
X580,0.012065031062982779,0.012065031062982779,True
X737,0.01200678872570769,0.01200678872570769,True
X553,-0.011856798775103514,0.011856798775103514,True
X732,-0.011814644527890805,0.011814644527890805,True
X527,0.011695871292895534,0.011695871292895534,True
X353,-0.011630728749758394,0.011630728749758394,True
X490,0.011622904273882193,0.011622904273882193,True
X661,0.01161308943344508,0.01161308943344508,True
X102,0.011608091546761748,0.011608091546761748,True
X460,-0.011586920862331764,0.011586920862331764,True
X658,0.011581646578275094,0.011581646578275094,True
X739,0.01152193575277639,0.01152193575277639,True
X408,-0.011487174927404033,0.011487174927404033,True
X328,0.011480782933937391,0.011480782933937391,True
X345,-0.011438585523329216,0.011438585523329216,True
X429,-0.011438585523329216,0.011438585523329216,True
X387,-0.011438585523329216,0.011438585523329216,True
X90,-0.011400843787675414,0.011400843787675414,True
X715,0.01138085896176514,0.01138085896176514,True
X76,0.011380020429720729,0.011380020429720729,True
X357,0.011343487297576076,0.011343487297576076,True
X315,0.011343487297576076,0.011343487297576076,True
X399,0.011343487297576076,0.011343487297576076,True
X555,0.01131413558781367,0.01131413558781367,True
X257,0.01127059231945663,0.01127059231945663,True
X493,0.011268213800293064,0.011268213800293064,True
X668,0.011253614363795864,0.011253614363795864,True
X359,-0.011193196262070958,0.011193196262070958,True
X714,0.011125347834349104,0.011125347834349104,True
X747,0.011104585082937773,0.011104585082937773,True
X566,0.011100940757577882,0.011100940757577882,True
X486,0.011088575088759529,0.011088575088759529,True
X416,0.011032869595345829,0.011032869595345829,True
X326,-0.011020516299487625,0.011020516299487625,True
X522,0.010927784788083723,0.010927784788083723,True
X660,0.010917809307155277,0.010917809307155277,True
X215,0.010898441702737705,0.010898441702737705,True
X421,0.010708376691784127,0.010708376691784127,True
X174,0.010663294103815646,0.010663294103815646,True
X317,-0.010653259866037665,0.010653259866037665,True
X763,0.010606594282554043,0.010606594282554043,True
X639,0.010570418684080329,0.010570418684080329,True
X398,0.010554224461570942,0.010554224461570942,True
X93,0.010539792067691399,0.010539792067691399,True
X771,-0.010505379136104496,0.010505379136104496,True
X70,0.01036206292814734,0.01036206292814734,True
X64,0.010306868867097429,0.010306868867097429,True
X311,-0.010286774103368106,0.010286774103368106,True
X456,0.010218924220269552,0.010218924220269552,True
X182,-0.010198192708672178,0.010198192708672178,True
X98,-0.010198192708672178,0.010198192708672178,True
X140,-0.010198192708672178,0.010198192708672178,True
X404,0.010157423774981545,0.010157423774981545,True
X347,-0.010129780324624194,0.010129780324624194,True
X172,0.01005542778091382,0.01005542778091382,True
X322,0.009955858743784117,0.009955858743784117,True
X332,-0.009786677598002126,0.009786677598002126,True
X745,0.009749351746406879,0.009749351746406879,True
X599,0.009669087977286045,0.009669087977286045,True
X743,-0.009612250553210714,0.009612250553210714,True
X107,-0.00960973952734643,0.00960973952734643,True
X746,-0.009547633684272295,0.009547633684272295,True
X482,0.009521630646773855,0.009521630646773855,True
X643,0.009495088430341938,0.009495088430341938,True
X638,0.009474777146495651,0.009474777146495651,True
X616,-0.009458029602785037,0.009458029602785037,True
X320,-0.00945180496572861,0.00945180496572861,True
X489,0.00941662635770688,0.00941662635770688,True
X448,0.009390691765553665,0.009390691765553665,True
X604,-0.009352695882308004,0.009352695882308004,True
X405,0.009330155478129156,0.009330155478129156,True
X321,0.009330155478129156,0.009330155478129156,True
X363,0.009330155478129156,0.009330155478129156,True
X305,-0.009297016392427505,0.009297016392427505,True
X548,0.00927011836114217,0.00927011836114217,True
X585,0.009207989846039275,0.009207989846039275,True
X108,0.009184574317562325,0.009184574317562325,True
X717,0.009123554853996088,0.009123554853996088,True
X66,0.009071569962213302,0.009071569962213302,True
X344,-0.00906052432773125,0.00906052432773125,True
X410,0.008990751314824314,0.008990751314824314,True
X386,0.008929959711162118,0.008929959711162118,True
X635,0.008898211574458692,0.008898211574458692,True
X547,-0.00885958122978977,0.00885958122978977,True
X402,-0.008835937763928589,0.008835937763928589,True
X96,-0.008760782094618336,0.008760782094618336,True
X323,-0.008713435572159386,0.008713435572159386,True
X696,-0.008688548285219325,0.008688548285219325,True
X248,-0.008636671300404334,0.008636671300404334,True
X556,-0.008629670490982655,0.008629670490982655,True
X84,-0.008592531060181097,0.008592531060181097,True
X392,0.008577236573241703,0.008577236573241703,True
X699,0.008543340852980075,0.008543340852980075,True
X441,0.008536765999928763,0.008536765999928763,True
X540,0.008510096435177604,0.008510096435177604,True
X541,-0.008415356263040763,0.008415356263040763,True
X583,0.00839069574116326,0.00839069574116326,True
X554,0.008378060339288427,0.008378060339288427,True
X192,-0.008303535617124118,0.008303535617124118,True
X415,0.00828655934995194,0.00828655934995194,True
X683,0.008273349867152821,0.008273349867152821,True
X642,0.008226500978616241,0.008226500978616241,True
X734,0.008220552349951135,0.008220552349951135,True
X365,-0.008200472535914665,0.008200472535914665,True
X536,0.008193322544210789,0.008193322544210789,True
X118,0.008184922285575744,0.008184922285575744,True
X254,-0.008175417843159677,0.008175417843159677,True
X564,0.008128072705627471,0.008128072705627471,True
X513,0.008087082842869549,0.008087082842869549,True
X164,0.0080462721878599,0.0080462721878599,True
X122,0.0080462721878599,0.0080462721878599,True
X80,0.0080462721878599,0.0080462721878599,True
X716,0.008004647197871723,0.008004647197871723,True
X166,0.007974948592208623,0.007974948592208623,True
X206,-0.007941603219261194,0.007941603219261194,True
X494,0.007936834172692387,0.007936834172692387,True
X567,0.007927005387210686,0.007927005387210686,True
X535,-0.007925881878936851,0.007925881878936851,True
X255,-0.00789124786765732,0.00789124786765732,True
X338,-0.007851356608255526,0.007851356608255526,True
X199,-0.007818777335214749,0.007818777335214749,True
X249,0.007816114538147704,0.007816114538147704,True
X634,0.0077903631511338405,0.0077903631511338405,True
X552,0.007714053747511199,0.007714053747511199,True
X542,0.007692122980069804,0.007692122980069804,True
X469,0.007683807545462071,0.007683807545462071,True
X622,0.007627071339779009,0.007627071339779009,True
X617,-0.007621102775061346,0.007621102775061346,True
X135,0.00760930373320291,0.00760930373320291,True
X148,0.007607116735484345,0.007607116735484345,True
X58,0.007577905375351199,0.007577905375351199,True
X154,0.007572811621441383,0.007572811621441383,True
X749,0.007517199673663695,0.007517199673663695,True
X348,-0.0074992860826934215,0.0074992860826934215,True
X596,0.007445360568999105,0.007445360568999105,True
X509,0.007439243278456762,0.007439243278456762,True
X678,0.007425983113848329,0.007425983113848329,True
X477,0.007376206305816531,0.007376206305816531,True
X314,-0.007370433985391804,0.007370433985391804,True
X650,-0.007336284759438338,0.007336284759438338,True
X649,-0.007255070282391289,0.007255070282391289,True
X227,-0.007226627905335075,0.007226627905335075,True
X601,-0.007211331160899934,0.007211331160899934,True
X258,0.007194744216359877,0.007194744216359877,True
X654,-0.007179884766821972,0.007179884766821972,True
X640,-0.007173042674524541,0.007173042674524541,True
X695,0.007151900601525194,0.007151900601525194,True
X455,0.007056542688066746,0.007056542688066746,True
X447,0.006924987129388028,0.006924987129388028,True
X487,0.006895615823871853,0.006895615823871853,True
X515,0.00689163034373882,0.00689163034373882,True
X177,0.006842517655973157,0.006842517655973157,True
X565,-0.0068368867897419545,0.0068368867897419545,True
X260,0.006810991157748669,0.006810991157748669,True
X253,-0.006788892087704652,0.006788892087704652,True
X510,0.006663911783904935,0.006663911783904935,True
X160,0.006645271655911541,0.006645271655911541,True
X594,0.006573383878858092,0.006573383878858092,True
X573,0.006572896489306469,0.006572896489306469,True
X4,0.006542396158987575,0.006542396158987575,True
X698,0.006529715001026082,0.006529715001026082,True
X672,0.006525083067519589,0.006525083067519589,True
X114,0.0064929566253839,0.0064929566253839,True
X720,0.006433734803889641,0.006433734803889641,True
X149,-0.006417454039805157,0.006417454039805157,True
X633,0.006398271797720324,0.006398271797720324,True
X637,0.006241794172716779,0.006241794172716779,True
X112,0.006185207326961497,0.006185207326961497,True
X589,0.00618153920437399,0.00618153920437399,True
X381,-0.006045301202924421,0.006045301202924421,True
X339,-0.006045301202924421,0.006045301202924421,True
X423,-0.006045301202924421,0.006045301202924421,True
X229,0.006013995244385642,0.006013995244385642,True
X1,-0.006009511384240287,0.006009511384240287,True
X550,-0.006006235896425658,0.006006235896425658,True
X524,0.006004524162501296,0.006004524162501296,True
X538,-0.005988101822157156,0.005988101822157156,True
X519,0.005960441231233947,0.005960441231233947,True
X461,-0.005941839017691445,0.005941839017691445,True
X106,0.005899396526412579,0.005899396526412579,True
X409,0.005875439060370346,0.005875439060370346,True
X194,0.005826150642458792,0.005826150642458792,True
X213,-0.0058244400534203334,0.0058244400534203334,True
X631,0.005822143104149764,0.005822143104149764,True
X559,-0.005815637212799082,0.005815637212799082,True
X676,-0.005747404937992515,0.005747404937992515,True
X528,0.0056657418726878,0.0056657418726878,True
X530,0.005657145183218184,0.005657145183218184,True
X694,0.005533858371649546,0.005533858371649546,True
X201,0.00549686079479967,0.00549686079479967,True
X92,-0.005490029541473039,0.005490029541473039,True
X176,-0.005490029541473039,0.005490029541473039,True
X134,-0.005490029541473039,0.005490029541473039,True
X621,0.005400711411415051,0.005400711411415051,True
X259,0.0053586560572754455,0.0053586560572754455,True
X308,-0.005340267567052289,0.005340267567052289,True
X544,-0.005338483739934966,0.005338483739934966,True
X440,0.005328501149943619,0.005328501149943619,True
X523,-0.00532710139483727,0.00532710139483727,True
X641,0.005249144775856948,0.005249144775856948,True
X454,0.005239702068524462,0.005239702068524462,True
X180,0.00517289307525132,0.00517289307525132,True
X252,-0.005152140510260864,0.005152140510260864,True
X692,-0.005129024669450711,0.005129024669450711,True
X618,-0.00508270447234348,0.00508270447234348,True
X630,0.005068829608385646,0.005068829608385646,True
X72,0.004967980308481129,0.004967980308481129,True
X327,0.004964572346580959,0.004964572346580959,True
X369,0.004964572346580959,0.004964572346580959,True
X411,0.004964572346580959,0.004964572346580959,True
X724,0.004939699959495189,0.004939699959495189,True
X391,0.004887685127210792,0.004887685127210792,True
X702,0.004868538665745934,0.004868538665745934,True
X234,0.0047830792645379636,0.0047830792645379636,True
X703,0.004781049533980173,0.004781049533980173,True
X598,-0.004728103299530459,0.004728103299530459,True
X516,0.004614144617916768,0.004614144617916768,True
X677,0.004581121373279472,0.004581121373279472,True
X779,0.004510828793394659,0.004510828793394659,True
X517,-0.00443174669654522,0.00443174669654522,True
X603,0.004352293706814772,0.004352293706814772,True
X396,-0.004336033459923743,0.004336033459923743,True
X208,0.0043336155843599735,0.0043336155843599735,True
X593,0.00427783720513496,0.00427783720513496,True
X142,0.004235947656718325,0.004235947656718325,True
X241,0.004061576173946785,0.004061576173946785,True
X511,-0.004038783187932339,0.004038783187932339,True
X526,-0.0040356171264840585,0.0040356171264840585,True
X413,0.00398120448482683,0.00398120448482683,True
X691,0.0038740657610581383,0.0038740657610581383,True
X481,0.0038235188122467977,0.0038235188122467977,True
X520,-0.003810700283843119,0.003810700283843119,True
X97,0.003794651391145906,0.003794651391145906,True
X397,0.003782826266243397,0.003782826266243397,True
X403,0.0037092883805130115,0.0037092883805130115,True
X741,0.0036868420896089527,0.0036868420896089527,True
X561,0.0036535153315516962,0.0036535153315516962,True
X207,-0.0036169822415131974,0.0036169822415131974,True
X646,-0.0035674659987018475,0.0035674659987018475,True
X514,-0.00351498784900492,0.00351498784900492,True
X488,0.003454833141496611,0.003454833141496611,True
X221,0.0034496195472882678,0.0034496195472882678,True
X8,-0.003430030726636665,0.003430030726636665,True
X220,-0.00342999846432136,0.00342999846432136,True
X100,0.0034113476232319646,0.0034113476232319646,True
X468,0.0033871913237615387,0.0033871913237615387,True
X595,-0.003341394942399096,0.003341394942399096,True
X706,0.003333618130020105,0.003333618130020105,True
X597,0.0033222326080591742,0.0033222326080591742,True
X389,-0.00323942486662879,0.00323942486662879,True
X395,-0.003234033443987195,0.003234033443987195,True
X138,0.0031922536406617354,0.0031922536406617354,True
X632,0.0031270780406732683,0.0031270780406732683,True
X446,0.003056071332363599,0.003056071332363599,True
X690,0.003011800297070161,0.003011800297070161,True
X200,-0.0029587779729872816,0.0029587779729872816,True
X645,0.0029078428448094037,0.0029078428448094037,True
X193,-0.002852922789068849,0.002852922789068849,True
X512,0.0028236860632179454,0.0028236860632179454,True
X250,0.002796307732158099,0.002796307732158099,True
X701,-0.002761714454479818,0.002761714454479818,True
X738,0.0027009630279462324,0.0027009630279462324,True
X120,0.0026946232660904645,0.0026946232660904645,True
X7,-0.002594410261362435,0.002594410261362435,True
X651,-0.002520333438273797,0.002520333438273797,True
X476,0.0025107515055281786,0.0025107515055281786,True
X775,0.0024920731456817215,0.0024920731456817215,True
X401,-0.0024775398844877634,0.0024775398844877634,True
X707,0.0024372574629183933,0.0024372574629183933,True
X518,0.002383963343031305,0.002383963343031305,True
X390,0.0023214314170008203,0.0023214314170008203,True
X214,0.0022996824747103907,0.0022996824747103907,True
X682,0.0022993045698002416,0.0022993045698002416,True
X532,-0.002244102094366335,0.002244102094366335,True
X774,0.0022381148026066914,0.0022381148026066914,True
X425,-0.0022252349751221124,0.0022252349751221124,True
X529,-0.0022058940470770024,0.0022058940470770024,True
X655,-0.0021732937185240616,0.0021732937185240616,True
X419,0.002165956531397161,0.002165956531397161,True
X453,0.0021416464084964637,0.0021416464084964637,True
X577,-0.0020975380665652042,0.0020975380665652042,True
X143,0.0019933169139746917,0.0019933169139746917,True
X251,-0.0019318616584393892,0.0019318616584393892,True
X773,-0.0019070742387616707,0.0019070742387616707,True
X772,-0.0018834064129467473,0.0018834064129467473,True
X685,-0.0018767669580218365,0.0018767669580218365,True
X619,-0.0018672447526124484,0.0018672447526124484,True
X126,-0.0018589402146606039,0.0018589402146606039,True
X697,-0.0018106471078914745,0.0018106471078914745,True
X600,0.0018093169001357984,0.0018093169001357984,True
X689,0.0017506044140853086,0.0017506044140853086,True
X636,-0.001674758396705559,0.001674758396705559,True
X228,-0.0016677316392837418,0.0016677316392837418,True
X377,0.0016664322335429198,0.0016664322335429198,True
X728,0.0016460360710671522,0.0016460360710671522,True
X776,0.0016228432013013065,0.0016228432013013065,True
X6,-0.0015480567881367782,0.0015480567881367782,True
X474,-0.0014884457500183767,0.0014884457500183767,True
X101,-0.0011613358535359497,0.0011613358535359497,True
X681,0.0010982527072356623,0.0010982527072356623,True
X333,-0.0010543690143910017,0.0010543690143910017,True
X417,-0.0010543690143910017,0.0010543690143910017,True
X375,-0.0010543690143910017,0.0010543690143910017,True
X5,0.0010348793789089798,0.0010348793789089798,True
X688,-0.0010071409851396531,0.0010071409851396531,True
X335,0.00097704116717909,0.00097704116717909,True
X78,0.000942092484268995,0.000942092484268995,True
X329,-0.000925294136855746,0.000925294136855746,True
X562,0.000918470058940344,0.000918470058940344,True
X778,0.0007601718263429982,0.0007601718263429982,True
X256,0.0007590566930741223,0.0007590566930741223,True
X439,0.0006960942237153372,0.0006960942237153372,True
X383,-0.0006869334939780123,0.0006869334939780123,True
X132,-0.0006543001923836723,0.0006543001923836723,True
X467,0.0005979675601316471,0.0005979675601316471,True
X687,0.0005974134975802175,0.0005974134975802175,True
X462,0.000564304249711442,0.000564304249711442,True
X341,-0.0004989025961276521,0.0004989025961276521,True
X686,0.0004987238610409677,0.0004987238610409677,True
X620,0.000419606261752743,0.000419606261752743,True
X710,0.0004051753660069392,0.0004051753660069392,True
X711,0.000357935563138419,0.000357935563138419,True
X777,0.00035555308253157656,0.00035555308253157656,True
X571,-0.00032431511202058496,0.00032431511202058496,True
X9,-0.00028579527717882014,0.00028579527717882014,True
X371,0.0002580936601057767,0.0002580936601057767,True
X693,-0.00019584208743365426,0.00019584208743365426,True
X568,-0.00016532702339457084,0.00016532702339457084,True
X647,0.00013867443927679737,0.00013867443927679737,True
X86,0.00012023424593368454,0.00012023424593368454,True
X170,0.00012023424593368454,0.00012023424593368454,True
X128,0.00012023424593368454,0.00012023424593368454,True
X475,-6.264685800436181e-05,6.264685800436181e-05,False
X407,-2.7862703997906525e-05,2.7862703997906525e-05,False
