feature,mean_abs_shap_avg,mean_abs_shap_std,n_folds_in_topk
X772,0.3543985038995743,0.07493789562839906,4
X758,0.0908074900507927,0.04349356982573839,4
X757,0.04593445127829909,0.01961747730223348,3
X777,0.04200783558189869,0.027265945190287005,2
X752,0.039465909358114004,0.01689549678284798,3
X427,0.03808283060789108,0.010194707098257599,4
X445,0.03794712922535837,0.014635820161813497,3
X501,0.03772247792221606,0.02564988302016749,2
X344,0.03484142804518342,0.019466343315766785,2
X759,0.03376218304038048,0.010158230191336748,3
X138,0.028425235534086823,0.010599411087126578,2
X769,0.02727622538805008,0.009615803450205811,2
X767,0.027147990418598056,0.011192770782001517,2
X96,0.02533433400094509,0.017054027333798533,2
X421,0.025005763629451394,0.01278103533352648,2
X343,0.02478913892991841,0.015674470813139874,1
X614,0.024169508833438158,0.011295419281784074,1
X611,0.024077849462628365,0.01426037390845817,2
X269,0.024001797224627808,0.021429705119531073,2
X508,0.022908952552825212,0.008374199976371642,1
X776,0.022383086383342743,0.02314254968617635,1
X613,0.020906512741930783,0.013994955770582362,1
X779,0.020285650622099638,0.007580042766442274,0
X139,0.01965887495316565,0.0095970186224493,1
X500,0.019607179099693894,0.005337106784845816,1
X39,0.019538066699169576,0.009137228860760889,1
X750,0.0192254459252581,0.01795400003444483,1
X376,0.018725101079326123,0.023859368238580772,1
X90,0.01865353691391647,0.007027762380905625,1
X337,0.018427946604788303,0.011311277199705783,1
X345,0.018370321253314614,0.011430639665417111,1
X288,0.01807662530336529,0.007232120608221423,0
X373,0.017603378306375816,0.015755132078727533,1
X778,0.01719366037286818,0.004220965216276604,1
X466,0.01701937709003687,0.005716882105303308,0
X610,0.016928122844547033,0.007355320412649253,1
X444,0.016406234120950103,0.00775267920132293,1
X607,0.01637089718133211,0.008556652862432807,0
X465,0.016316751949489117,0.00464374895387729,0
X581,0.016220765188336372,0.0019305785257549793,0
X385,0.015503891743719578,0.004603362382828166,1
X24,0.015325179963838309,0.008971736126288007,0
X179,0.015222773421555758,0.005846925662726199,0
X428,0.015180907328613102,0.008195726760217792,0
X414,0.015160224284045398,0.005094860519903842,0
X332,0.015135877067223191,0.004886565155080383,1
X443,0.01498251419980079,0.010844439425772767,1
X97,0.01490799174644053,0.0069119357511098324,1
X773,0.014757993747480214,0.011360522106340606,1
X180,0.014619799330830574,0.010055732869539901,0
X576,0.0145088839053642,0.012065800850181314,1
X651,0.01429632876534015,0.012423322859617227,1
X84,0.013982129516080022,0.009781026170026732,0
X751,0.013910176290664822,0.01697899642131107,1
X684,0.01371114095672965,0.011482433805262114,1
X582,0.013536843238398433,0.003086964516849906,0
X132,0.013534956844523549,0.007655602269504311,1
X756,0.0135253801709041,0.004443867499702354,0
X25,0.013385508966166526,0.010335832029424433,0
X681,0.013307620232808404,0.007350082936688299,0
X654,0.013144176569767296,0.006740872631945489,0
X768,0.013080171309411526,0.008519947066900745,1
X738,0.012953968020156026,0.002185344955319895,0
X302,0.012815379188396037,0.013613822293775927,1
X587,0.01272812148090452,0.007051636717437422,1
X570,0.012724394211545587,0.009751888983239473,1
X682,0.012708357768133283,0.003438417769239106,0
X37,0.012652944540604949,0.008662764451389379,0
X591,0.012423260021023452,0.005940462871296376,0
X617,0.012331133475527167,0.0017528949785198423,0
X584,0.012249134480953217,0.005720655007430322,0
X422,0.012244202778674662,0.005152467182247288,0
X333,0.012104536697734147,0.005868619904479582,0
X590,0.012057332089170814,0.003686867892329186,0
X198,0.01176392228808254,0.006875510838886482,0
X19,0.011695594410412014,0.006926951860135481,0
X126,0.011657530325464904,0.0053496712148859175,0
X88,0.011574987147469074,0.014548767629502959,1
X739,0.011295305681414902,0.005288137297707247,0
X780,0.011250708252191544,0.0019260649079601028,0
X606,0.011058139381930232,0.003837193447801492,0
X426,0.010840705130249262,0.004233494226797158,0
X425,0.010791194858029485,0.0016960661126229376,0
X379,0.010588326607830822,0.003934528295156574,0
X571,0.010508563078474253,0.010348376096374954,0
X136,0.010482893325388432,0.0026647321515327104,0
X753,0.010419709156849422,0.006219171752326041,0
X499,0.01041122863534838,0.005351077686231433,0
X47,0.010271202540025115,0.012509394465213023,1
X766,0.010140115395188332,0.0013725527167805815,0
X32,0.010122361301910132,0.0076227628305101025,0
X650,0.00998954035458155,0.009214652664218927,1
X740,0.009985107695683837,0.005647444951827979,0
X450,0.00993669920717366,0.009513889709375388,0
X381,0.009916676208376884,0.003922686832675436,0
X579,0.009885357634630054,0.005988837501345533,0
X341,0.0098413415835239,0.004147099146357942,0
X586,0.00950695900246501,0.003192979616916685,0
X357,0.009499350970145315,0.0038807703529862327,0
X21,0.009492912329733372,0.008011370062290704,1
X730,0.009424259536899626,0.0025336070374866325,0
X177,0.009377461858093739,0.007641760102998302,0
X588,0.009307147527579218,0.0070292247442571764,0
X174,0.009242367465049028,0.0020029553524239345,0
X182,0.009114642511121929,0.004088033026145744,0
X218,0.009109957376495004,0.005185322585736071,0
X762,0.009032774018123746,0.003248394296048646,0
X94,0.008956915000453591,0.0032855837978269364,0
X40,0.008938221959397197,0.005397231648962645,0
X463,0.008927658200263977,0.003123174001901547,0
X655,0.008912377175875008,0.006650277903360765,0
X507,0.0087419263436459,0.007288390324812704,0
X285,0.0086905233329162,0.00654137175406957,0
X775,0.008613402140326798,0.0028769405440846442,0
X143,0.0085853494820185,0.003044703335249072,0
X329,0.008558139961678535,0.005612179310339827,0
X438,0.008535874949302524,0.011226344831094102,0
X338,0.008494339184835553,0.001451540804216289,0
X384,0.008476717572193593,0.003724227471539502,0
X711,0.008337391656823456,0.004068225927507548,0
X366,0.0082631733675953,0.01173990669188716,1
X284,0.008221966796554625,0.005618963009287481,0
X592,0.008199613308534026,0.003255947563358741,0
X367,0.008088476723060012,0.004440435009867075,0
X342,0.008047233568504453,0.0007058664861062398,0
X558,0.007981959846802056,0.004949550964359154,0
X271,0.007981005357578397,0.0010157114000514905,0
X20,0.007973716652486473,0.003630204604518095,0
X300,0.007923342694994062,0.004167714055379663,0
X608,0.00790971372043714,0.0030799991949097567,0
X386,0.007903308665845543,0.0046741099591057515,0
X604,0.007705469382926822,0.0015281387957434003,0
X38,0.0076742497039958835,0.005520846673946456,0
X297,0.007633395696757361,0.004282610440848069,0
X178,0.007579818018712103,0.008304872658094065,0
X331,0.007575669907964766,0.0015809961020217098,0
X564,0.007563698920421302,0.002065817638977246,0
X119,0.007411524245981127,0.0050604783854823416,0
X616,0.0074002877227030694,0.0022601533908291923,0
X217,0.007374841487035155,0.00575201756754521,0
X589,0.007355032314080745,0.0037145173441600725,0
X612,0.007258346886374056,0.0015914065168936486,0
X383,0.007227796595543623,0.004633666710702486,0
X82,0.007183969020843506,0.004077135910719261,0
X270,0.007120034453691915,0.005574170465772267,0
X710,0.007065041514579207,0.00254081965121198,0
X761,0.007047491031698883,0.001629492602129523,0
X164,0.00697737984592095,0.0042427655577316195,0
X472,0.006977309880312532,0.005756598661154066,0
X214,0.006654531112872064,0.0019958041694730297,0
X619,0.0066074481583200395,0.003862008560171549,0
X382,0.006525081225845497,0.010073637429035411,0
X417,0.006481603370048106,0.004538250111557241,0
X540,0.006285193259827793,0.0030443405567792234,0
X583,0.006276613392401487,0.0023986078943861564,0
X585,0.006247039185836911,0.0003016022511285097,0
X340,0.006226072553545237,0.00451926434162211,0
X424,0.006163553218357265,0.0037628834580855394,0
X272,0.006126325868535787,0.001980441530819228,0
X706,0.006032997276633978,0.004876105029512637,0
X85,0.006030482647474855,0.004514595637343534,0
X93,0.006022677262080833,0.005730405279593185,0
X168,0.0060197184211574495,0.005478898210731799,0
X741,0.006003469286952168,0.007443615714342728,0
X89,0.005991317462758161,0.004260234988703822,0
X380,0.005979553287033923,0.005388952845306476,0
X652,0.005960763664916158,0.0023683644474851683,0
X708,0.005905489786528051,0.0027704445686456565,0
X31,0.005856035859324038,0.0013469277320568788,0
X605,0.005850012646988034,0.001340711339126388,0
X683,0.0058474691468290985,0.002434641975565864,0
X646,0.005832208262290806,0.003427055903321888,0
X23,0.005783690314274281,0.0033495590436604327,0
X674,0.005721055538742803,0.0051921299596643595,0
X279,0.005659688438754529,0.0031564130112926563,0
X573,0.005636776506435126,0.002609052546920558,0
X169,0.0056339913862757385,0.004960024715062185,0
X368,0.00560510040668305,0.0044538437545509875,0
X160,0.0055452281958423555,0.0021584241775691087,0
X191,0.005527809578779852,0.005096997948628254,0
X415,0.00550005491822958,0.0031306072509798186,0
X569,0.0054446044960059226,0.00500555584843007,0
X181,0.005442224733997136,0.0017618770043663756,0
X291,0.005417559994384646,0.0016248733896665904,0
X292,0.00541097397217527,0.00381174590158158,0
X609,0.005319711461197585,0.002570200561488847,0
X429,0.005254314528428949,0.005441609904678107,0
X419,0.005162064742762595,0.00206994620831125,0
X173,0.005139389832038432,0.0018031159097039817,0
X295,0.005061121366452426,0.0027562992198890478,0
X44,0.005051038941019215,0.0026622814639300062,0
X559,0.005044122342951596,0.00430376640013773,0
X27,0.005042526085162535,0.004788699366226146,0
X774,0.0050058107590302825,0.0006330547273569279,0
X290,0.0049950238317251205,0.002488670064687874,0
X326,0.004978878547262866,0.0039622308956594274,0
X277,0.0049648770946078,0.0016763574766865213,0
X135,0.004934118507662788,0.004189922193332917,0
X127,0.0049121498595923185,0.0013578594426184943,0
X702,0.004896177852060646,0.0017348996748808656,0
X172,0.004876474500633776,0.002307443126542495,0
X327,0.004863461013883352,0.0019348866918127404,0
X410,0.0048486217856407166,0.0017885021881304146,0
X83,0.004794006119482219,0.0022628701646718956,0
X734,0.00474131474038586,0.002273996875103718,0
X95,0.004728747269837186,0.0020372256469864116,0
X167,0.004711181216407567,0.0012303072723540724,0
X219,0.004664608393795788,0.0015816951016409597,0
X131,0.0046564150470658205,0.004302559358682746,0
X298,0.004649421927751973,0.004661297205814416,0
X409,0.0046414516982622445,0.0020414928820239003,0
X464,0.0046320544788613915,0.001637230880848966,0
X86,0.004624844703357667,0.0033418174647938423,0
X735,0.004613949218764901,0.0011050590608490168,0
X22,0.004583150701364502,0.0018677004357354934,0
X335,0.004570769844576716,0.0019172229192827711,0
X91,0.004566214687656611,0.0014677726727272415,0
X561,0.004558133892714977,0.0016324424997904558,0
X216,0.0045293839648365974,0.001249425391804359,0
X731,0.004483673459617421,0.0023666591275729627,0
X188,0.004482212592847645,0.0016406243057033897,0
X602,0.004458662551769521,0.0044530910472514685,0
X166,0.004448822961421683,0.0022658775184680948,0
X92,0.004439889802597463,0.0019879406515235336,0
X283,0.0044257776007725624,0.005764918858409281,0
X640,0.004390008165501058,0.0018295298919579132,0
X175,0.004388201225083321,0.0031700203100455157,0
X420,0.0043176477192901075,0.0005744886332381036,0
X442,0.004309927229769528,0.002218634524692886,0
X377,0.004295293532777578,0.00209060541487397,0
X629,0.004281042929505929,0.002851740298833742,0
X600,0.0042558572749840096,0.0057325925770741045,0
X87,0.00421788111270871,0.002068282580468006,0
X294,0.0042173008259851485,0.002274847464137696,0
X550,0.0042155509581789374,0.0012541656195150619,0
X574,0.004169435298535973,0.0014973655668332946,0
X742,0.0041686827898956835,0.0010820922814480495,0
X162,0.0041663426090963185,0.0006707107310635452,0
X372,0.004162725766946096,0.0031127032835737084,0
X287,0.004148066418565577,0.00406486473591137,0
X680,0.004141660581808537,0.0011656522740861957,0
X505,0.004132245398068335,0.0047016900436820394,0
X130,0.004116291063837707,0.0020764404862489527,0
X28,0.004112076210731175,0.0032263677816349516,0
X43,0.004053384531289339,0.0028590863616865646,0
X713,0.004039258594275452,0.0033616914428733066,0
X549,0.004010683158412576,0.001878779332175341,0
X707,0.004006162944278913,0.005083863614389896,0
X137,0.003973406390286982,0.0025128159398517228,0
X296,0.0039668324461672455,0.00226806039205555,0
X526,0.003962701111959177,0.003813601574885398,0
X703,0.003960385802201927,0.005017949868716827,0
X498,0.003924437798559666,0.00108495270144921,0
X205,0.003891015199769754,0.003233886149616795,0
X33,0.003875642200000584,0.00472508805171082,0
X506,0.003874994406942278,0.0010633086015238416,0
X35,0.003873430541716516,0.0024513249039638052,0
X371,0.0038618559992755763,0.004600759369248403,0
X754,0.0038432364526670426,0.0034431342671592076,0
X685,0.003829919616691768,0.0004087410626797957,0
X42,0.0038044101602281444,0.004397717856505068,0
X760,0.0037781867722515017,0.0017718238194717412,0
X378,0.003721845132531598,0.0026385542281114186,0
X163,0.0037133427103981376,0.0016812037872075015,0
X618,0.003712183581228601,0.003498474274901132,0
X77,0.003708846343215555,0.0016291740801018684,0
X370,0.0036996615526732057,0.0022194255844112725,0
X121,0.003668880033728783,0.0035183115404476386,0
X17,0.003666295437142253,0.0021806559487331585,0
X577,0.0036560287117026746,0.0012674607390241593,0
X299,0.0036302509179222398,0.0023828591718001325,0
X712,0.0035485361295286566,0.0013142310709635362,0
X722,0.0035394691567489645,0.003418243552703571,0
X647,0.0035274121328257024,0.0002786705339791609,0
X226,0.003493219774099998,0.002502264751590484,0
X416,0.00344314391259104,0.0024318611751208107,0
X451,0.003441235632635653,0.0030308795036796776,0
X301,0.0033818063093349338,0.0005962592550622715,0
X36,0.0033351458550896496,0.0023222603690592576,0
X765,0.0033264071098528802,0.0018025501733271226,0
X413,0.0033001585688907653,0.0018552802588185729,0
X361,0.0032870981231098995,0.003707019731271962,0
X580,0.003283360681962222,0.0019344086646012001,0
X293,0.003264172930357745,0.0025606693933136063,0
X678,0.003253225877415389,0.0013054597080905902,0
X268,0.003241691456423723,0.004608284255634032,0
X563,0.003234467760194093,0.0012463353575504945,0
X656,0.0032161592389456928,0.000604293215748211,0
X405,0.003160336797009222,0.0032262487326424026,0
X325,0.0031438627338502556,0.001330381556956425,0
X133,0.003121633519185707,0.002073137899701754,0
X264,0.003112175938440487,0.0012113056901122217,0
X436,0.00307069779955782,0.0026974431866512434,0
X197,0.0030483754526358098,0.002203629738874088,0
X336,0.003036530571989715,0.0018152678178947165,0
X125,0.0030240769556257874,0.0015608239437487222,0
X566,0.003019260213477537,0.0014430351418238815,0
X78,0.002943126601167023,0.001116741599499969,0
X334,0.0029427977424347773,0.0022932371170087955,0
X547,0.002942702529253438,0.0015102324750015587,0
X642,0.0029170795460231602,0.0006863894892553346,0
X49,0.002900487757869996,0.002807980367284452,0
X556,0.0028894412389490753,0.0023060722810235653,0
X449,0.0028818174469051883,0.002844615742534669,0
X736,0.0028796446858905256,0.0013052966696912721,0
X473,0.002876368089346215,0.0024128184658880453,0
X578,0.0028590286383405328,0.000723322282443418,0
X567,0.002809141660691239,0.0014965166108811046,0
X479,0.0027837755078508053,0.0027423163565941243,0
X565,0.002771697851130739,0.0012399711508353133,0
X575,0.002754569664830342,0.0007890252097743963,0
X452,0.002754536864813417,0.0006737491983954935,0
X458,0.0027509585743246134,0.0033956281219309553,0
X303,0.0027263671800028533,0.0022458707538617183,0
X124,0.00269100273726508,0.0019366789632398265,0
X46,0.002679521552636288,0.001496878306631686,0
X748,0.002676423959201202,0.0029067041838700845,0
X122,0.002637356885315967,0.0033616436877816824,0
X374,0.002565114446042571,0.0017150919358427765,0
X411,0.0025477370800217614,0.003946286052714037,0
X242,0.0025170622393488884,0.0010463616560285015,0
X286,0.0025074783334275708,0.0015771497674988521,0
X764,0.0025039984902832657,0.001542526964867092,0
X115,0.0025022616318892688,0.0023094947172085504,0
X69,0.0024641809868626297,0.0016169730218739678,0
X276,0.0023951221664901823,0.0007174051084753337,0
X189,0.002387559819908347,0.002801723651610343,0
X48,0.00234428423573263,0.001676464007534248,0
X675,0.002292061981279403,0.0019489882679379507,0
X562,0.0022736435348633677,0.0007056952118220853,0
X211,0.0022579341602977365,0.0019296229215487524,0
X601,0.002232636859844206,0.0019693986126250247,0
X732,0.0022064451914047822,0.0012762140859324783,0
X187,0.0021947449567960575,0.0022752907377989874,0
X628,0.002190105093177408,0.001096114997295783,0
X274,0.00218755156674888,0.0015417053907132207,0
X68,0.0021637098398059607,0.0005944043615545157,0
X534,0.0020930211376253283,0.0030088030514763145,0
X553,0.0020915251807309687,0.0007627657157382741,0
X535,0.0020913038752041757,0.0011287744258795787,0
X193,0.002084837493384839,0.002000081104727328,0
X321,0.0020827414700761437,0.002712431117348195,0
X457,0.0020646307239076123,0.001831403249130447,0
X102,0.0020427675062819617,0.002042605527412009,0
X478,0.00204053637207835,0.0024138480979908057,0
X29,0.0020311042317189276,0.0008181032829875365,0
X120,0.002018557963310741,0.0011058373089934393,0
X699,0.001994541089516133,0.0023526907185269313,0
X192,0.001989629352465272,0.0017339515317922917,0
X278,0.0019795207190327346,0.001114721631640789,0
X557,0.0019574881007429212,0.0005856639676219662,0
X221,0.0019320870942465262,0.002313787328760209,0
X480,0.0019178509537596256,0.0017458643544808418,0
X408,0.0018955608538817614,0.0007616641108047457,0
X572,0.001885737045085989,0.0013239210388157376,0
X709,0.0018837834722944535,0.0021140822059973283,0
X560,0.0018824627622961998,0.000995703558527857,0
X456,0.0018593382847029716,0.0017921491016002341,0
X657,0.0018582768097985536,0.0006512819214492938,0
X648,0.0018479219288565218,0.001044496655333914,0
X53,0.001847680177888833,0.002296425150358102,0
X157,0.0018367148441029713,0.001147647512863028,0
X770,0.0018258120398968458,0.0012960812933568036,0
X158,0.001819383520341944,0.0020819101271719598,0
X289,0.0018174056749558076,0.0006558330480492524,0
X261,0.0018000040436163545,0.0014239081362317292,0
X676,0.0017965431011361943,0.0010279766072930126,0
X330,0.0017963764257729053,0.0012000114622296512,0
X418,0.0017723544442560524,0.0006911013781614791,0
X704,0.0017592508702364285,0.001924627272520096,0
X212,0.001757514674864069,0.0012459679667312631,0
X568,0.001713631208986044,0.0010868472798128547,0
X749,0.0016688852338120341,0.000813804090023358,0
X50,0.0016338243731297553,0.00026622495530408266,0
X41,0.0016305664321407676,0.0006832796761527636,0
X364,0.0016223345883190632,0.0004479069554932128,0
X324,0.0015953944384818897,0.00043785759732807317,0
X555,0.001583617166033946,0.000839175327485907,0
X153,0.0015828629343559442,0.0016621923630349474,0
X155,0.001554461443447508,0.0006532422114263091,0
X599,0.0015398952964460477,0.0008863173122372129,0
X432,0.00153600762860151,0.0012886438213937988,0
X437,0.001533441973151639,0.0018369358677989707,0
X552,0.001529785236925818,0.0011002707927438913,0
X603,0.001515705542260548,0.0014402037344602668,0
X55,0.0015096182960405713,0.001928104960722482,0
X30,0.0014980263222241774,0.0009510747107202334,0
X113,0.0014885534837958403,0.00126365807205628,0
X541,0.0014778417330489901,0.0014831966245026818,0
X118,0.0014752782954019494,0.0007573346039378047,0
X161,0.0014689980744151399,0.000441313968619537,0
X621,0.0014495700706902426,0.0013843652113980068,0
X627,0.0014374395104823634,0.0014311353085490568,0
X671,0.0014070301367610227,0.001153293409967537,0
X56,0.001404153743351344,0.0009624109780479429,0
X171,0.0014031685659574578,0.0009855003081994758,0
X280,0.0013982765667606145,0.0007282915918094112,0
X319,0.001395334995322628,0.0011828866382056808,0
X146,0.0013920373021392152,0.0006575608766278997,0
X199,0.0013876559337404615,0.001362421468883476,0
X679,0.0013622278929688036,0.0008740704937792414,0
X644,0.001345852618214849,0.001198136973310762,0
X71,0.0013271227453515166,0.0018602447200834237,0
X54,0.0013232994242571294,0.0013233353813257743,0
X235,0.0013111511943861842,0.0008570489029223231,0
X404,0.001298265102377627,0.0009312051529346691,0
X369,0.0012978550512343645,0.000817722868184622,0
X698,0.0012733360199490562,0.0003924874943313853,0
X362,0.0012679466744884849,0.0003009109204818365,0
X156,0.0012674363533733413,0.0008095027271540729,0
X228,0.0012655046302825212,0.0007985534784526373,0
X320,0.001255163675523363,0.000692347629918353,0
X596,0.0012517484574345872,0.0013920260878009913,0
X401,0.0012407123867888004,0.0009820565147723999,0
X222,0.0012288699672353687,0.0007266164733704451,0
X262,0.0012272199217022717,0.0010224704646370473,0
X532,0.0012256653644726612,0.0009521936172930186,0
X771,0.0012229467647557613,0.0006630452255587558,0
X435,0.001206534965604078,0.0007366886634740864,0
X204,0.0011989285121671855,0.0007549569016330464,0
X523,0.0011936347109440248,0.0014862604369376524,0
X225,0.0011917250740225427,0.0004786101062012047,0
X412,0.0011848645808640867,0.0007736130524688777,0
X203,0.001171896503365133,0.0010404557543884914,0
X114,0.0011701865205395734,0.0010314072505514043,0
X52,0.0011645824670267757,0.000871282647253364,0
X643,0.0011621678386291023,0.000965016890937825,0
X548,0.001161659345143562,0.0008813557749120546,0
X726,0.0011576454380701762,0.0006734106889635079,0
X315,0.001154220114585769,0.001560474052069205,0
X691,0.001139658989814052,0.0017081881176891063,0
X620,0.0011264098538958933,0.0007958201140991958,0
X462,0.0011119255505036563,0.0002593673536415734,0
X238,0.0011017346405424178,0.0010815699121824634,0
X275,0.001085865354980342,0.000764960515597773,0
X98,0.0010784336118376814,0.0016819403384118936,0
X653,0.0010649377272784477,0.001262852509757743,0
X537,0.0010539845261519076,0.0015079561286936254,0
X727,0.001044033830112312,0.0009270146356024059,0
X309,0.0010414400712761562,0.0010115859171427367,0
X243,0.0010299667483195662,0.0011125735760273753,0
X626,0.0010056639148388058,0.0009426550312161642,0
X441,0.0009911200177157298,0.0006059804688182605,0
X365,0.0009879256103886291,0.0008058221695655482,0
X224,0.000974400551058352,0.000433566199857847,0
X159,0.000959066623408944,0.0010606381213560617,0
X282,0.0009577542477927636,0.0007360251083370391,0
X233,0.0009548483258186025,0.00132943440402756,0
X232,0.0009533113043289632,0.0007292284997481253,0
X718,0.0009522190157440491,0.0016149645259147711,0
X521,0.0009508949260634836,0.0011855770516316548,0
X81,0.0009480474800511729,0.000845936961120865,0
X636,0.0009464666345593287,0.001573958579849836,0
X170,0.0009437040744160186,0.0009506048467234295,0
X195,0.0009434228850295767,0.0005903124515346025,0
X460,0.0009368877945234999,0.0014163637310085294,0
X73,0.000933709045057185,0.0006518505711219541,0
X493,0.0009305185201355926,0.0013931266514367842,0
X339,0.0009282829705625772,0.0011770839472947383,0
X51,0.0009266549277526792,0.0009346506023780737,0
X434,0.0009036288392962888,0.0006122849494998981,0
X215,0.0008885950555850286,0.0005694525782504039,0
X471,0.0008536858949810266,0.0010959511175472234,0
X247,0.0008476524726575008,0.0010220482321693972,0
X546,0.0008384827542613493,0.000533134665488414,0
X239,0.0008223713666666299,0.0008838076535121418,0
X116,0.0008174419508577557,0.0012678877919461624,0
X431,0.0008019881210543645,0.0013457291371868918,0
X223,0.000789748017268721,0.0006712096839873595,0
X539,0.0007894375357864192,0.0010972640345988413,0
X641,0.0007807246292941272,0.0007807743095336731,0
X176,0.0007741285908196005,0.0013059008840833168,0
X529,0.0007639465429747361,0.0011501490724546797,0
X201,0.0007629029014424304,0.0005680887133129397,0
X533,0.0007423870983984671,0.00044572942287654326,0
X483,0.0007224975270219147,0.0008324422040259457,0
X18,0.000719742791261524,0.0012466310828464005,0
X151,0.0007181421387940645,0.0006518262759519875,0
X117,0.0007045590318739414,0.0012203320401372067,0
X152,0.000697525605573901,0.0009350601540455107,0
X190,0.0006924560875631869,0.0005993006321975856,0
X220,0.0006863567978143692,0.0007791762714676842,0
X695,0.0006848950069979765,0.0006460363402491104,0
X538,0.000682775083987508,0.0007066274137200032,0
X34,0.0006816463883296819,0.0005394007848420853,0
X281,0.0006580730787391076,0.0006957311634238386,0
X763,0.000633898816886358,0.0008124694144343725,0
X313,0.0006322371873466182,0.0010360109075938327,0
X747,0.0006207353435456753,0.0010751451530748312,0
X76,0.0006198127593961544,0.0003257145528191383,0
X649,0.0006193602866915171,0.0006884342903055893,0
X670,0.0005987234180793166,0.0005143884283913998,0
X123,0.0005976402208034415,0.0005857833385896532,0
X200,0.000595142748352373,0.000983002929704379,0
X354,0.0005940526752965525,0.0004432279821581932,0
X59,0.0005935602093813941,0.00042203753768554566,0
X360,0.0005898418894503266,0.00035205953419667295,0
X545,0.0005882427221877151,0.0005425433420941192,0
X389,0.0005817586788907647,0.0010076355895829521,0
X440,0.0005808376427012263,0.0004774462474895192,0
X477,0.00057085233493126,0.0007361598211113972,0
X399,0.0005695055187970866,0.0009232131650391082,0
X530,0.000561425113119185,0.0005756975149106279,0
X70,0.0005593045889327186,0.000832657743436081,0
X9,0.0005575002869591117,0.0005610843366666764,0
X227,0.0005506399415935448,0.0008523029332070179,0
X719,0.000546586077689426,0.000502493171317079,0
X72,0.0005390613750932971,0.0006447484886867544,0
X728,0.0005384707073972095,0.0002202443973515248,0
X240,0.0005371117440517992,0.0007555947833248989,0
X403,0.0005366752957343124,0.0002292891008885819,0
X544,0.0005328235565684736,0.000922877471446146,0
X737,0.0005285874467517715,0.0002587863147822635,0
X140,0.0005230864771874622,0.0006791030035166404,0
X185,0.0005183875327929854,0.000713349623262041,0
X625,0.0005153038969183399,0.0007884944021713995,0
X13,0.0005089630285510793,0.0006433217496536404,0
X543,0.0005083971118438058,0.0004482864479965574,0
X509,0.0004997880023438483,0.0007052148632590442,0
X406,0.0004920133360428736,0.00036364397525863446,0
X186,0.0004907383936370024,0.0007846705921349044,0
X701,0.0004797431856786716,0.0007406095397579335,0
X129,0.00046929952077334747,0.00045379646587413806,0
X79,0.00045553244854090735,0.0002951834709567377,0
X393,0.0004552431346382946,0.0007885042389904453,0
X165,0.00045225485700939316,0.0005931350285852676,0
X705,0.0004513652020250447,0.00038959924655572334,0
X554,0.00045129505451768637,0.000379680343255106,0
X744,0.0004484849641812616,0.00076300081426579,0
X551,0.00044587345746549545,0.0004998687953773278,0
X448,0.0004448314575711265,0.0003027559952169409,0
X106,0.0004438407668203581,0.0006464797628967576,0
X470,0.00044235542736714706,0.0005988001165767674,0
X263,0.0004416331030370202,0.0006867836691929791,0
X387,0.00043624730460578576,0.0006047823034196795,0
X14,0.0004341130224929657,0.0004941704684215516,0
X323,0.00042780628791661,0.0004572725702896602,0
X402,0.00042269015102647245,0.00029106771371005167,0
X433,0.0004200027178740129,0.00041869314295764213,0
X208,0.0004136097886657808,0.0006384884085546931,0
X497,0.0004111649905098602,0.0003370193433577525,0
X743,0.00040139865632227156,0.00021973703310474284,0
X328,0.00039663471397943795,0.0006869914766579362,0
X194,0.0003901152256275964,0.0003063955081566659,0
X74,0.00038647372275590897,0.0006693921236035225,0
X597,0.00038596261219936423,0.00041430704496617807,0
X486,0.0003694128184861256,0.00037328233888522756,0
X150,0.000368988054106012,0.00018239923520470323,0
X363,0.0003682106325868517,0.0006377595235275037,0
X455,0.00036358677334646927,0.0004292294915108278,0
X598,0.00035729776573134586,0.00034415613962563763,0
X154,0.00035723512519325595,0.0003010628465486267,0
X352,0.0003556067204044666,0.0005402569808573593,0
X15,0.0003513178598950617,0.0003593250283120149,0
X733,0.00035068901343038306,0.0003301220007519203,0
X16,0.0003486726127448492,0.0005001039437145417,0
X595,0.00034776963002514094,0.0004270318780374029,0
X677,0.0003469236185082991,0.000427519169241362,0
X256,0.0003378649016667623,0.0005156863621818598,0
X504,0.000332247102051042,0.0003843249748668948,0
X639,0.00032500021370651666,0.0001432070699011053,0
X390,0.00031855658744461834,0.0005517561945398369,0
X484,0.0003184494125889614,0.0003185123784385771,0
X487,0.0003174476405547466,0.00010149443994906875,0
X459,0.00030873457581037655,0.0003781483971788883,0
X536,0.0003063938165723812,0.0003217687178424719,0
X624,0.0003046928941330407,0.0004629493214833665,0
X317,0.0002955878214834229,0.0003019694870906048,0
X634,0.00029446842745528556,0.00026102541856270686,0
X314,0.00029191880094003864,0.00023183413563873092,0
X423,0.0002881038235500455,0.0004990104602435377,0
X108,0.00028456617474148516,0.00020878952322553549,0
X353,0.0002844579862539831,0.0002795562706407692,0
X210,0.00028188091891934164,0.0001972840572070967,0
X469,0.0002778673588181846,0.0004226179526400534,0
X75,0.00027597721782512963,0.00047800656300462773,0
X527,0.0002739608025876805,0.0002815835706848564,0
X524,0.00026878139351538266,0.00040478290422111564,0
X700,0.00026854324278247077,0.0002458793531785776,0
X183,0.000266756112978328,0.0001801383320399666,0
X690,0.00025190893211402,0.0002853231029564658,0
X515,0.00024969556034193374,0.00018954588569414026,0
X149,0.00024654847220517695,0.0003706653393701858,0
X693,0.00024592631962150335,0.0004259568805028667,0
X672,0.0002385684274486266,0.00028133943785885467,0
X103,0.00023645063629373908,0.00040954451554274567,0
X62,0.00023550553305540234,0.0004079075487155485,0
X213,0.00023200552868729574,0.0003886335602921954,0
X696,0.0002317160458460421,0.0002705213180268005,0
X107,0.00022903972831045394,0.0002821406491356229,0
X355,0.00022616692592691834,0.000318904979630059,0
X622,0.00022560103388968855,0.0003907524529370087,0
X514,0.00020494964701356366,0.0002102433269877945,0
X145,0.00020185724179100362,0.0002551824121879638,0
X593,0.00020127826826410455,0.00022339713005923423,0
X267,0.00019995626098534558,0.0001510165775042823,0
X359,0.00019600559608079493,0.00019665084045746462,0
X391,0.00019524493200151483,0.00028287351563184446,0
X729,0.0001926694058056455,0.00023503522570906998,0
X645,0.00018572014050732832,8.15372658579769e-05,0
X209,0.00017963378559215926,0.00020347970704561613,0
X697,0.0001771614515746478,0.00020588257493261023,0
X400,0.00017255794773518573,0.00020877129199023395,0
X196,0.00017220037943843636,0.00013093290662250006,0
X692,0.0001689623841230059,0.0002507324548290288,0
X397,0.0001642734441702487,0.0001696331675746275,0
X720,0.000163567825438804,0.0002377952313118943,0
X638,0.00016096651961561292,0.000178909492005317,0
X615,0.00015880052023931057,0.00022380950088261208,0
X144,0.00015853210425120778,9.956530990046305e-05,0
X237,0.00014964514269877327,0.0002326149051417376,0
X253,0.0001490819668106269,0.00017864776411430496,0
X542,0.00014837914204690605,0.0002570002128087208,0
X248,0.00014806518720433814,0.00013150281291871902,0
X398,0.00014482077131106053,9.816169877539075e-05,0
X531,0.00014329261443890573,0.000207819907923603,0
X623,0.0001403778514941223,0.00014413732158655282,0
X635,0.0001398727144987788,0.00022305467424129182,0
X148,0.00013657588942805887,0.00019186106047750168,0
X461,0.00013608748031401774,0.0001657371482593629,0
X468,0.0001290354321099585,0.00021661760480341487,0
X250,0.00012881615293736104,0.00020018809082879196,0
X128,0.00012841762145399116,0.00016453002032343158,0
X503,0.00012425374370650388,0.0001297795739985444,0
X447,0.0001228744185937103,0.00014666726120585034,0
X202,0.00012045615585520864,0.00020863618202565667,0
X356,0.00012038008753734175,9.171655213505704e-05,0
X632,0.00011700025561367511,0.00018634061500502242,0
X1,0.0001163202032330446,0.00020147250194637082,0
X318,0.00011463039504633343,9.287918415534624e-05,0
X716,0.0001146224676631391,0.0001985319376814776,0
X111,0.00011240653475397266,0.0001269108177096549,0
X494,0.00010995674256264465,0.00013699070062368383,0
X673,0.0001031268657243345,0.00011921500468010109,0
X246,0.00010218544230156112,0.00014678927501513461,0
X394,9.495533987546878e-05,0.00013306706967108924,0
X258,9.385241082782159e-05,9.392429504553669e-05,0
X666,9.194993617711589e-05,0.0001592619612114803,0
X322,9.036802248374443e-05,7.867071536464609e-05,0
X45,8.893377162166871e-05,0.00013047217732975163,0
X512,8.646009518997744e-05,0.00011022565476600501,0
X396,8.640742089482956e-05,4.559318287142349e-05,0
X375,8.624420297564939e-05,0.0001493793414121077,0
X112,8.267426983366022e-05,6.541003973172012e-05,0
X667,8.263521067419788e-05,0.00010498316791532765,0
X723,8.257692024926655e-05,8.455688840116746e-05,0
X430,7.922859913378488e-05,9.281653633431486e-05,0
X358,7.899742922745645e-05,6.400730052079296e-05,0
X306,7.780407213431317e-05,0.0001139828559314365,0
X207,7.764332031001686e-05,0.00011005034035895168,0
X510,7.738093700027093e-05,5.351103936911467e-05,0
X525,7.018610449449625e-05,5.374584788543425e-05,0
X496,6.979826866881922e-05,9.849595510689675e-05,0
X594,6.259855217649601e-05,5.6856203368232525e-05,0
X230,6.137584568932652e-05,0.00010630608309142081,0
X724,5.733566285925917e-05,9.930828115787673e-05,0
X755,5.660011993313674e-05,7.933559499095039e-05,0
X746,5.644886141453753e-05,5.794659925632915e-05,0
X4,5.462168337544426e-05,9.460753080120976e-05,0
X245,5.069357212050818e-05,3.17700027350702e-05,0
X109,5.051296466263011e-05,5.122604778169397e-05,0
X3,4.968183202436194e-05,8.60514572792974e-05,0
X266,4.937712856190046e-05,7.64192758409128e-05,0
X630,4.8056903324322775e-05,8.323699821215272e-05,0
X348,4.777986714543658e-05,4.067637464793197e-05,0
X511,4.4020175892001134e-05,6.869450627494337e-05,0
X725,4.386350974527886e-05,5.713094587991832e-05,0
X485,4.248534168027618e-05,6.88288758432233e-05,0
X142,3.763332551898202e-05,4.87293826815578e-05,0
X12,3.558935554792697e-05,5.810374808068787e-05,0
X520,3.519401798257604e-05,6.0957827268314425e-05,0
X492,3.504685946609243e-05,2.5818931932218877e-05,0
X10,3.407990425330354e-05,4.286366042721802e-05,0
X528,3.327594049551408e-05,2.4690532580709662e-05,0
X265,3.304243000457063e-05,3.39058260474673e-05,0
X61,3.21635760656136e-05,2.069217038765412e-05,0
X6,3.214995376765728e-05,5.568535338657286e-05,0
X694,3.1564329447064665e-05,2.9308065312841694e-05,0
X64,3.155578815494664e-05,5.465622835724774e-05,0
X662,3.114192611519684e-05,3.936518019540433e-05,0
X502,3.0501445507979952e-05,5.203591306318414e-06,0
X249,2.8436503271223046e-05,4.47429861725255e-05,0
X349,2.7267791665508412e-05,3.191347519745795e-05,0
X244,2.6155522391491104e-05,3.498320876798266e-05,0
X467,2.536861393309664e-05,4.3939728249723106e-05,0
X311,2.469887476763688e-05,4.2779705987328024e-05,0
X519,2.441632022964768e-05,2.8610801759965695e-05,0
X231,2.3329747364186915e-05,3.288922132915912e-05,0
X513,2.325222158106044e-05,1.958706974202024e-05,0
X134,2.204566953878384e-05,3.818421972804715e-05,0
X686,2.109286106133368e-05,3.6533907035221126e-05,0
X350,1.9386265307730355e-05,3.140802428680765e-05,0
X312,1.915055236167973e-05,1.9561292119334006e-05,0
X476,1.8681837673284463e-05,2.4426230227718217e-05,0
X100,1.8140866814064793e-05,3.1420903015300374e-05,0
X663,1.6517748008482158e-05,2.2709111043805707e-05,0
X688,1.5536017599515617e-05,2.6909171829645316e-05,0
X454,1.5013209122116677e-05,2.6003640984162627e-05,0
X60,1.4704434761370067e-05,1.5857161544734293e-05,0
X522,1.4500579936793656e-05,1.8712744391689802e-05,0
X439,1.4360086197484634e-05,1.250347342424059e-05,0
X516,1.392820013279561e-05,2.4124350287989578e-05,0
X206,1.3393784684012644e-05,2.319871557834776e-05,0
X446,1.2182254295112216e-05,8.065523868077998e-06,0
X687,1.170962605101522e-05,2.0281667257990477e-05,0
X11,1.1492247722344473e-05,1.9905156948268336e-05,0
X184,1.1136244211229496e-05,1.200998503345391e-05,0
X147,1.0752576599770691e-05,1.8624008983079037e-05,0
X101,1.0128494977834634e-05,1.7543067905815795e-05,0
X251,9.912076166074257e-06,1.7168219528133138e-05,0
X304,9.217275874107145e-06,9.424591499204924e-06,0
X664,8.838000667310553e-06,8.85534199987357e-06,0
X65,8.01636463165778e-06,1.0223022814294552e-05,0
X665,7.639102477696724e-06,1.3231313615596023e-05,0
X637,7.167155217757681e-06,1.2413876982888685e-05,0
X481,7.068504146445775e-06,1.2243008315155364e-05,0
X633,6.641938398388447e-06,1.1504174766751445e-05,0
X105,6.50521269562887e-06,7.440540218553387e-06,0
X346,6.20682658336591e-06,1.07505389961589e-05,0
X67,5.757227427238831e-06,9.971810414706708e-06,0
X453,5.439833046239073e-06,7.873248421277792e-06,0
X474,5.143703788235143e-06,5.994311140563021e-06,0
X347,4.256852662365418e-06,4.265051199808587e-06,0
X631,4.191336302028503e-06,7.259607426721221e-06,0
X307,4.034736321045784e-06,6.988368303194832e-06,0
X489,3.79757875634823e-06,6.577599351739364e-06,0
X388,3.6209328300174093e-06,4.4465354793731106e-06,0
X66,3.449208634265233e-06,5.974204600452641e-06,0
X517,2.1382606973929796e-06,3.703576167712301e-06,0
X721,2.070406708298833e-06,3.586049611105015e-06,0
X668,1.8231622789244284e-06,3.157809697540171e-06,0
X316,1.6814564105516183e-06,2.912367933787796e-06,0
X518,1.5672377458031406e-06,2.7145354032707564e-06,0
X26,1.0267020797982696e-06,1.7783001664472386e-06,0
X490,9.487657166573626e-07,1.6433104257300497e-06,0
X63,3.4019373629234906e-07,5.892328356750369e-07,0
X229,0.0,0.0,0
X669,0.0,0.0,0
X310,0.0,0.0,0
X658,0.0,0.0,0
X495,0.0,0.0,0
X689,0.0,0.0,0
X395,0.0,0.0,0
X2,0.0,0.0,0
X254,0.0,0.0,0
X260,0.0,0.0,0
X659,0.0,0.0,0
X58,0.0,0.0,0
X255,0.0,0.0,0
X80,0.0,0.0,0
X259,0.0,0.0,0
X57,0.0,0.0,0
X308,0.0,0.0,0
X99,0.0,0.0,0
X351,0.0,0.0,0
X104,0.0,0.0,0
X491,0.0,0.0,0
X110,0.0,0.0,0
X717,0.0,0.0,0
X305,0.0,0.0,0
X236,0.0,0.0,0
X392,0.0,0.0,0
X715,0.0,0.0,0
X482,0.0,0.0,0
X745,0.0,0.0,0
X141,0.0,0.0,0
X714,0.0,0.0,0
X257,0.0,0.0,0
X660,0.0,0.0,0
X661,0.0,0.0,0
X234,0.0,0.0,0
X252,0.0,0.0,0
X273,0.0,0.0,0
X241,0.0,0.0,0
X7,0.0,0.0,0
X8,0.0,0.0,0
X488,0.0,0.0,0
X5,0.0,0.0,0
